-0.0058706,-0.0014428,0
0.001547,0.017821,0
-0.00076035,-0.02071,0
-0.0024191,-0.014494,0
-0.0053434,0.0088861,0
-0.0042348,0.013318,0
0.0039726,-0.0095246,0
-0.0052985,0.0073857,0
0.024933,-0.002404,0
-0.0066721,-0.0026707,0
0.0087043,0.0051035,0
-0.0010748,-0.001798,0
-0.0035769,0.0126,0
-0.0021775,0.0021954,0
0.002036,0.0041084,0
0.012769,0.017713,0
-0.0012999,-0.0038713,0
0.011112,0.0030133,0
-0.00088915,-0.010374,0
-0.002736,0.009164,0
0.015134,-0.016089,0
0.0064973,-0.0028314,0
-0.0178,0.017595,0
-0.0032832,0.0075067,0
0.012667,0.0085562,0
-0.0013006,-2.8595e-05,0
-0.014702,-0.014136,0
-0.013988,-0.010459,0
0.0029664,-0.013019,0
-0.0086586,0.011506,0
-0.0029996,-0.0071392,0
-0.007966,-0.0096272,0
9.7193e-05,-0.0030839,0
-0.0085862,-0.009452,0
-0.015076,-0.0041085,0
-0.0015454,0.0070187,0
0.028544,0.0038033,0
-0.00013656,0.0064872,0
-0.00055989,0.0017347,0
-0.0058245,-0.00092974,0
0.0070529,-0.0072594,0
0.010998,0.0082051,0
0.0026897,0.012756,0
-0.016179,0.0023343,0
0.015259,0.0067817,0
0.019386,0.026119,0
0.0025032,0.0059352,0
0.0035008,0.0021524,0
0.012179,-0.00052259,0
-0.020607,0.0055517,0
0.0018881,0.0088477,0
-0.0093346,0.018095,0
0.0026458,0.020405,0
-0.0034073,0.020421,0
-0.0043949,0.0013199,0
-0.0057158,0.0014241,0
-0.0049892,-0.0018413,0
-0.0087647,0.013023,0
-0.00018634,0.014555,0
-0.0095489,0.010708,0
0.0053697,-0.0059347,0
-0.022209,-0.0038536,0
-0.0057129,-0.0024081,0
0.00013136,0.00056966,0
0.0031045,0.0010533,0
0.014571,0.0090886,0
-0.011572,0.0025096,0
-0.0054394,0.011392,0
0.0061464,-0.0036671,0
0.0064978,-0.0020706,0
-0.010112,-0.0052949,0
0.0090648,0.023162,0
0.013919,0.0084871,0
0.016054,-0.0085318,0
-0.0072304,0.0032579,0
-0.0091106,-0.0043315,0
0.0029041,0.0015127,0
-0.0051677,0.014757,0
0.00053092,0.0081273,0
-0.011011,0.03258,0
0.0089533,0.0011162,0
-0.0040012,0.0073239,0
-0.016289,0.0069316,0
-0.01751,0.011288,0
0.012028,0.0027138,0
-0.011062,0.0064608,0
0.0088556,0.0031233,0
-0.00085418,-0.0075062,0
-0.012119,0.018584,0
-0.0047833,-0.014607,0
0.00082099,-0.01325,0
-0.023548,0.0035953,0
0.0025304,0.005009,0
0.013445,0.0015248,0
0.0015436,-0.0013549,0
9.5843e-05,0.010719,0
0.012046,-0.0014738,0
0.00013981,-0.017272,0
0.0013966,0.0077503,0
-0.013388,-0.010555,0
0.013275,0.0022419,0
-0.010715,0.0024991,0
0.0098722,0.007661,0
0.0079786,0.013386,0
-0.0093733,-0.00098815,0
0.010549,-0.006925,0
0.016345,0.003431,0
-0.0059047,0.011082,0
-0.0076407,0.0068005,0
-0.011014,-0.0097554,0
0.0081074,0.0052666,0
-0.0062793,0.0061374,0
0.01506,0.0027974,0
0.0047389,0.0081632,0
0.0010411,0.012299,0
-0.0006069,-0.013449,0
0.0075399,0.0046132,0
-0.00043936,0.0084982,0
0.0029723,-0.0014375,0
-0.0003754,0.012068,0
-0.0080626,-0.014364,0
-0.013386,-0.0010984,0
0.0076821,0.0068285,0
0.0044172,0.0050726,0
-0.0010613,0.0031928,0
0.0022303,0.023612,0
-0.00026646,0.002973,0
0.014973,0.0011255,0
0.0028717,-0.0012552,0
-0.0075686,0.028471,0
-0.0029465,0.011909,0
-0.015128,0.0081935,0
-0.00095807,-0.0045842,0
-0.024142,0.013582,0
-0.0046508,0.0062013,0
-0.00040685,0.0049037,0
-0.0084013,0.010179,0
0.0059449,-0.0058453,0
0.011597,0.0053579,0
0.00655,0.016768,0
0.017434,0.018237,0
-0.018548,0.012088,0
-0.012013,-0.012513,0
-0.0076737,0.019491,0
0.004739,0.0090219,0
0.0091363,0.023116,0
0.0041036,-3.8349e-05,0
0.0098271,0.0099675,0
-0.01123,0.0052735,0
0.0029755,-0.0046258,0
-0.010858,-0.0011039,0
-0.0059089,0.0070378,0
0.0061829,0.014755,0
0.0077041,-0.0029196,0
0.0062724,0.023172,0
0.0044514,0.0077547,0
0.0019881,0.015271,0
-0.0036159,0.026998,0
0.0018655,-0.0099176,0
0.0021001,0.022189,0
0.0013145,5.8354e-05,0
0.0071172,0.0013022,0
0.0033503,0.010994,0
0.00037648,0.0041107,0
0.020256,0.012555,0
0.0065463,-0.00060488,0
0.0076169,0.0084358,0
0.015275,-0.0015628,0
0.020694,0.010859,0
-0.0058697,0.017549,0
0.010071,0.0085471,0
0.016362,-0.00016118,0
0.0029087,0.0060228,0
0.0049366,-0.010169,0
-0.0050166,0.0023933,0
0.017357,0.011468,0
0.0042673,0.018366,0
0.024291,0.0038659,0
0.0067965,0.0065521,0
0.010779,0.022302,0
0.0059806,0.023338,0
-0.0046603,0.0067517,0
-0.0098738,0.00869,0
0.0027658,0.0071831,0
-0.0042751,0.010432,0
-0.0057822,-0.020243,0
-0.02709,0.011806,0
-0.021308,0.018981,0
-0.0068232,0.017439,0
0.0048927,0.022947,0
-0.010501,0.013874,0
0.011331,0.0022528,0
-0.012597,-0.0082593,0
-0.011786,-0.0018156,0
-0.011229,0.0027816,0
0.01335,0.020301,0
-0.012461,-0.001112,0
0.012492,0.0048338,0
0.024157,0.0062983,0
0.024879,-0.010642,0
-0.018381,0.0044171,0
0.0091091,0.0092187,0
-0.0069732,-0.0043421,0
-0.014426,0.029776,0
-0.010321,-0.0041608,0
-0.00074327,0.008784,0
-0.0019019,0.0084766,0
-0.0044664,0.021119,0
0.0064932,0.0068736,0
0.0063832,0.0098017,0
0.00051033,0.026424,0
0.013881,9.5353e-05,0
0.0083434,0.015262,0
0.0065995,0.011157,0
0.0045612,0.00046927,0
0.0019577,0.017755,0
-0.0032185,0.0048945,0
0.0098778,-0.011538,0
-0.0031219,0.00044277,0
0.016807,0.02682,0
-0.011596,0.0072841,0
-0.0067995,0.0025384,0
-0.0051954,0.01505,0
0.0035609,0.0031513,0
0.0030829,0.023299,0
0.019532,0.024831,0
0.0060253,-0.0030539,0
0.0016906,0.0040851,0
0.010509,0.015525,0
0.014477,-0.002563,0
0.013448,-0.0089915,0
-0.007479,-0.0075482,0
-0.002482,0.0026102,0
0.0049955,-0.0073114,0
0.0064439,0.0031321,0
-0.0043845,-0.0085749,0
0.0052647,0.0099757,0
0.0060956,-0.010356,0
-0.0076521,0.0080357,0
-0.00048321,0.007391,0
0.0065389,0.0020526,0
-0.0038765,0.037257,0
0.01541,0.0186,0
0.0077404,0.035174,0
0.010383,0.011211,0
0.021073,0.016691,0
0.0034016,0.010485,0
-0.00021556,-0.0034898,0
-0.0062933,0.013026,0
0.0012122,0.014325,0
-0.0077038,0.0062333,0
-5.248e-05,0.0096208,0
-0.014101,-0.0011175,0
-0.0036694,-0.0075032,0
-0.0066997,0.0070503,0
0.0013414,0.0065733,0
0.0035652,0.015182,0
-0.016924,-0.0064814,0
-0.00067856,-0.00058324,0
-0.010966,0.01067,0
-0.014155,-0.0046858,0
0.015467,0.0023239,0
-0.0070314,0.014538,0
-0.01055,0.015595,0
0.026564,0.01753,0
0.0040213,0.0069494,0
-0.0061867,0.0097886,0
0.0029501,0.013165,0
0.0095832,0.018026,0
0.010882,0.030785,0
-0.0073016,-0.0047292,0
0.011102,-0.012198,0
0.01434,0.012218,0
0.00071861,0.0068062,0
-0.0061573,0.0089748,0
-0.0041978,0.016513,0
-0.0080398,0.0033783,0
0.0015378,0.013093,0
0.0093773,0.0015058,0
0.01336,0.012222,0
-0.023008,0.0054826,0
-0.00039205,0.0034895,0
-0.0065644,0.016602,0
-0.0016257,0.023021,0
-0.0032688,0.0028872,0
0.0073102,0.019212,0
-0.0076695,0.0097512,0
0.0010235,0.0068061,0
-0.0076677,0.012392,0
-0.010079,-0.0012236,0
0.0013624,0.012691,0
0.022026,0.035654,0
0.0099531,0.011671,0
-0.0077228,0.014009,0
-0.021052,0.010997,0
0.0041028,0.012595,0
-0.0093169,0.0021649,0
-0.0082183,-0.010404,0
-0.00029918,-0.0072087,0
0.008577,0.0064956,0
0.0017477,0.0047748,0
0.014695,0.010461,0
0.00022445,-0.0076587,0
0.020574,0.0074046,0
0.0017399,0.023272,0
0.012285,0.019868,0
0.016795,0.0077605,0
-0.0026792,0.010905,0
0.0048586,0.01766,0
-0.0025246,0.0094671,0
0.026128,-0.0019443,0
0.017356,0.0060533,0
-0.0083844,0.014096,0
-0.0054897,0.011396,0
-0.0044159,0.025114,0
0.0022888,0.021141,0
0.0054762,0.0018263,0
-0.01411,0.027802,0
0.0031956,0.014372,0
0.0013453,0.0058355,0
0.0058703,0.024537,0
0.0074108,0.0096156,0
0.0063078,-0.0012788,0
0.0090681,0.0062999,0
0.010655,-0.0078634,0
-0.014295,0.0080276,0
0.002623,0.01565,0
0.02056,0.02229,0
0.0075327,0.017579,0
6.7723e-05,0.005465,0
-0.013622,0.020074,0
0.0032031,0.012899,0
-0.012557,0.021974,0
-0.006257,0.018727,0
-0.0081803,0.01074,0
-0.0062838,0.0065958,0
-0.012563,0.017926,0
-0.0055326,0.0043761,0
-0.012949,0.011403,0
-0.0089349,0.02865,0
-0.017705,0.024318,0
-0.017923,-0.00095447,0
-0.00021445,0.0069608,0
0.015643,0.0020075,0
0.0005445,0.0066022,0
-0.0022879,0.023232,0
-0.010732,0.02548,0
-0.0061508,0.0084089,0
-0.0071566,-0.0047457,0
0.0057341,0.017235,0
-0.0023463,0.019936,0
-0.023822,0.01331,0
-0.0088389,0.018239,0
0.0087456,0.012874,0
-0.011632,0.0019573,0
-0.0094684,0.0094255,0
-0.010184,0.0054928,0
-0.0091438,0.0070032,0
-0.011068,0.013221,0
0.0084474,0.027243,0
0.003806,0.0032541,0
-0.00014018,0.016911,0
-0.0024551,0.012816,0
-0.0051857,0.0089951,0
-0.0044971,0.0060322,0
-0.01226,0.016792,0
-0.014638,-0.0082159,0
0.00014773,0.015259,0
-0.0075318,0.017548,0
-0.0016358,-0.010633,0
-0.0059115,-0.0048352,0
-0.019619,0.019807,0
0.0064151,-0.0033176,0
-0.015789,-0.0078629,0
-0.0022686,0.016906,0
-0.010825,0.014603,0
-0.0047457,0.022504,0
0.0030112,0.020465,0
0.0044974,0.015764,0
-0.0008614,0.02074,0
0.0052552,0.018196,0
-0.01166,0.0071439,0
0.0045678,0.01322,0
0.012093,0.0094879,0
0.0056037,0.014536,0
0.00063608,0.035141,0
-0.0093094,0.016538,0
-0.028514,0.0018126,0
0.0041702,0.019607,0
0.0051867,0.019527,0
-0.020288,0.00788,0
0.0023177,0.0096985,0
0.010414,0.021902,0
0.0050813,0.0027937,0
-0.011269,0.0063807,0
0.013247,-0.010723,0
-0.0019188,0.017515,0
-0.014768,0.018129,0
0.0028955,0.01948,0
-0.0013433,0.0038398,0
0.00013456,0.010509,0
0.012145,-0.003828,0
0.0061529,0.01145,0
-0.0036292,-0.0028472,0
0.022796,0.021569,0
-0.0061744,0.0038333,0
-0.002802,0.0099726,0
0.015782,-0.0026776,0
-0.0017589,0.0018008,0
0.0057214,0.012506,0
-0.0034292,0.010734,0
0.022812,0.019135,0
0.0020981,0.0093213,0
-0.010096,0.0062707,0
0.012397,0.021382,0
0.0044716,0.0050611,0
0.0037393,0.023435,0
-0.0026766,0.01698,0
0.0070526,0.00058519,0
0.013401,0.0079748,0
0.01228,-0.0048059,0
-0.01235,0.00068244,0
-0.0045149,0.01933,0
0.0083228,-0.0017255,0
-0.0036483,0.0074592,0
0.0052642,0.0092614,0
-0.0018964,-0.0020209,0
0.0216,0.013189,0
-0.026264,-7.0012e-07,0
-0.00073591,0.016119,0
0.0058592,0.0020472,0
-0.016239,0.019932,0
0.0096451,0.026973,0
-0.0073885,0.014467,0
-0.010138,0.00093849,0
0.014692,-0.002757,0
-0.015527,-0.0042026,0
-0.0096071,0.016188,0
-0.018659,0.014639,0
7.776e-05,0.0037893,0
-0.018337,-0.0052571,0
-0.014313,0.012386,0
-0.0099947,0.0032702,0
-0.011771,-0.0018522,0
-0.026165,0.003252,0
-0.0045635,0.0099453,0
-0.016828,0.017813,0
-0.0049818,0.02372,0
-0.0057821,-0.0014308,0
-0.0071045,0.019913,0
-0.01201,0.018898,0
0.0095542,0.0076028,0
0.0042504,0.0039438,0
-0.0010675,0.0030501,0
-0.021963,0.016515,0
0.0032197,0.0048774,0
-0.0002017,-0.0013628,0
0.013932,0.013483,0
0.0081878,0.013158,0
0.0028062,-0.002814,0
-0.0051827,0.018588,0
0.0029098,-0.0026854,0
-0.0078013,0.026028,0
-0.00042673,0.007113,0
-0.018408,-0.00084619,0
0.0024305,0.017361,0
-0.00052992,-0.0014144,0
-0.025062,-0.0042147,0
-0.0056419,0.017032,0
0.0073257,0.011792,0
0.0044498,0.016775,0
-0.0057666,0.0087292,0
-0.0020701,0.0084009,0
-0.012617,0.00075271,0
0.0079013,0.010516,0
0.0096647,0.015849,0
0.00074472,0.016509,0
-0.0054293,-0.0035351,0
-0.0096238,-0.0044129,0
0.0089259,0.016818,0
-0.0071244,0.023961,0
-0.011068,0.01673,0
-0.00066743,0.0081028,0
-0.0042666,0.02054,0
0.0050632,0.012069,0
-0.0013871,-0.00076387,0
-0.0014177,-0.0030837,0
0.016273,0.015107,0
-0.0019121,0.0059605,0
-0.0044269,-0.0044711,0
0.010926,0.01075,0
-0.026091,0.012582,0
0.017459,0.010593,0
-0.010373,0.031015,0
-0.012657,0.0088193,0
-0.0077719,0.0047837,0
-0.00051364,0.029042,0
0.0096875,0.036251,0
-0.013005,0.03368,0
0.00017336,0.023402,0
-0.0030544,0.022591,0
0.0074616,0.010839,0
-0.0067777,0.0012768,0
0.010885,0.014566,0
-0.0015993,0.027275,0
0.0026681,0.024627,0
0.002211,0.010958,0
0.014473,0.017755,0
0.00077163,0.0077808,0
-0.006206,0.0083782,0
0.012009,0.010062,0
0.0083871,0.023572,0
-0.0082585,0.0036274,0
0.014962,0.028318,0
-0.0075646,0.0058646,0
-0.0062685,0.015518,0
0.0066292,0.0050576,0
-0.013633,0.023111,0
-0.0031288,-0.0006669,0
0.011839,0.0098542,0
-0.0074541,0.017494,0
-0.00047397,0.0076139,0
0.0014745,-0.0074896,0
0.012044,-0.0020028,0
-0.0034919,0.0081006,0
0.012717,0.0069049,0
0.0054911,0.0041042,0
0.00050425,-0.0095189,0
0.013624,0.019839,0
0.0074715,0.0083796,0
0.0066998,0.013396,0
0.004354,0.017779,0
0.010872,0.0064672,0
0.014347,0.026018,0
0.0098911,0.014675,0
0.016432,0.030664,0
0.0093879,0.015702,0
0.0051557,0.015558,0
-0.0015431,0.012508,0
-0.0094384,0.019163,0
-0.0088525,0.014798,0
-0.0051347,0.022824,0
0.0083785,-0.0035308,0
-0.0088342,0.026368,0
-0.0042398,-0.013988,0
0.0030773,0.026941,0
-0.014213,0.016551,0
-0.013749,0.0065237,0
0.010486,-0.0091014,0
0.011023,0.033127,0
-0.01486,0.019277,0
-0.01411,0.017711,0
-0.017361,0.0084395,0
0.0044811,0.01934,0
0.019808,0.013735,0
-0.0035432,0.01804,0
-0.0036543,-0.00086667,0
-0.00884,0.029524,0
-0.0024505,0.01911,0
-0.014766,0.009912,0
-0.0079575,0.0054152,0
3.5663e-05,0.0071658,0
-0.014709,-0.00040321,0
-0.0022935,0.027083,0
-0.0033705,-0.010613,0
-0.0045257,0.011677,0
0.0063414,0.010845,0
-0.019266,0.00018005,0
0.015546,0.028328,0
0.011288,0.023122,0
0.0090306,0.015353,0
-0.0083882,0.012996,0
-0.0017921,0.0045865,0
-0.010502,0.030897,0
-0.016842,0.0081131,0
0.002538,0.021587,0
-0.01301,0.021141,0
-0.0031746,0.014689,0
-0.0071013,0.011402,0
-0.016505,0.013712,0
-0.00074849,0.0021457,0
0.0017835,0.008741,0
-0.029656,0.02984,0
-0.02161,0.0092925,0
0.006017,0.0055883,0
0.019124,0.017146,0
-0.013212,0.0069773,0
0.0044616,0.0067095,0
0.0043929,0.025121,0
-0.00023409,0.028017,0
-0.0022431,0.0075767,0
0.0015848,0.021441,0
0.0091679,0.0021361,0
-0.0057627,0.012026,0
0.011935,0.015195,0
0.0064433,0.042232,0
0.010317,0.0066157,0
-0.0069095,0.020264,0
-0.010798,0.0022445,0
0.0054078,0.011456,0
0.0068572,0.0068152,0
-0.0023459,0.00165,0
0.0053333,0.0009921,0
-0.002826,-0.0099652,0
0.0054127,0.017866,0
0.015056,0.0074608,0
0.015615,0.022926,0
-0.0059127,0.0008708,0
-0.0048522,0.0070364,0
-0.0016722,0.0081515,0
-0.01918,0.019486,0
0.0095487,0.027237,0
-0.0063041,0.0074282,0
-0.010656,0.02259,0
0.020638,-0.00092313,0
0.00061609,0.025618,0
-0.0052942,0.015602,0
0.0148,0.014607,0
0.0032131,0.0076901,0
0.0057014,0.033433,0
0.0027454,0.0088652,0
0.0071261,0.026614,0
0.010764,0.018655,0
-0.015917,0.0016462,0
0.0060744,0.0287,0
0.0050951,-0.0041029,0
0.010328,0.0035451,0
-0.026039,0.020569,0
0.0079025,0.025426,0
0.0045242,0.01332,0
-0.0069258,0.008729,0
0.0080569,-0.0030089,0
-0.014455,0.0056076,0
0.0059267,0.0024131,0
0.0043135,0.021691,0
0.00794,0.0059639,0
-0.01042,0.019047,0
0.0060867,0.039262,0
-0.0027457,-0.0016997,0
0.0070178,0.015957,0
0.016709,0.027163,0
0.010834,0.0034161,0
-0.0029431,0.02491,0
0.0021171,0.01146,0
0.0094911,0.011962,0
-0.0051225,0.00020343,0
0.010214,0.017719,0
0.019758,0.005588,0
0.0032548,0.03301,0
-0.012955,0.018204,0
0.0067369,0.01125,0
0.0088003,-0.011565,0
-0.0078941,0.036151,0
0.0057515,0.013263,0
0.0015334,0.020116,0
0.0024586,0.027991,0
0.0034044,0.017626,0
-0.021774,0.016263,0
0.02993,0.0064083,0
0.010295,0.021079,0
0.010965,0.021444,0
0.015023,0.0087335,0
-0.0031542,0.0068532,0
-0.0043171,0.016264,0
-0.017494,0.026899,0
-0.0085464,0.017801,0
-0.0037166,0.013991,0
-0.023391,0.0076462,0
-0.00083444,0.0092394,0
-0.018407,0.024678,0
-0.00043727,0.0064093,0
-0.011991,0.027053,0
-0.0069994,0.0095142,0
0.0020163,0.033076,0
-0.01041,0.027103,0
-0.0083185,0.0079865,0
-0.016263,0.0037957,0
-0.008215,0.016088,0
0.0038128,0.0083153,0
-0.0024836,0.01482,0
-0.026107,0.020027,0
0.0068281,0.014789,0
-0.0025119,0.0078807,0
0.021753,0.0064883,0
-0.018357,0.0026225,0
0.0072038,0.026471,0
-0.0020897,0.00026264,0
-0.0087632,0.0042093,0
-0.011329,0.022795,0
-0.012981,-0.00091633,0
-0.012245,0.019983,0
0.0013317,0.009735,0
0.0023743,0.010728,0
-0.0011889,0.013796,0
-0.012341,0.029306,0
-0.0057533,0.013902,0
0.018112,0.014383,0
-0.01964,0.025835,0
0.0046481,0.0036714,0
-0.0099284,-0.010786,0
0.0027853,0.025717,0
-0.018818,0.018452,0
-0.018436,0.00096817,0
-0.0085693,0.009546,0
-0.01431,0.011204,0
-8.7505e-05,0.0086379,0
-0.0004311,0.020894,0
-0.0052888,0.025673,0
0.0044541,-0.0047004,0
0.0107,0.039706,0
0.0040453,0.011579,0
0.0027001,0.031895,0
-0.0043089,-0.00922,0
-0.0031812,0.017372,0
-0.0017021,0.0061601,0
-0.0045994,0.020445,0
-0.0084696,0.022035,0
0.010847,0.014025,0
0.0051987,0.0048263,0
0.0083034,0.013065,0
-0.010546,0.00085518,0
0.004171,0.020272,0
0.0068688,0.0032562,0
-0.024382,-0.0013526,0
-0.0074962,0.017042,0
-0.011286,0.015671,0
-0.0036296,0.027994,0
0.0071408,-0.0017068,0
-0.0099074,-0.0071183,0
-0.0062439,0.0040643,0
-0.0097889,0.013893,0
0.017004,0.0014873,0
0.00048924,0.00813,0
-0.013162,0.019856,0
-0.0042081,0.0094424,0
0.018315,0.014214,0
0.0080448,0.0041145,0
0.005932,0.017801,0
0.020497,0.010842,0
0.0081349,0.0072095,0
-0.00099569,0.017782,0
0.00012277,0.019521,0
-0.0076878,-0.00051451,0
-0.013692,0.017753,0
0.0011337,0.01541,0
-0.0066206,0.023142,0
0.017037,0.011117,0
-0.001623,0.027186,0
-0.0092106,-0.0036579,0
0.0042705,0.022528,0
0.0052525,0.014051,0
-0.013536,0.007878,0
-0.012279,0.013091,0
0.019953,0.011171,0
0.0039276,-0.0067978,0
-0.0019697,0.0061286,0
0.010552,0.04118,0
-0.0019686,0.0094997,0
-0.010378,0.012739,0
-0.0030211,0.022939,0
0.003342,0.002449,0
0.0067539,0.01012,0
-0.0080488,0.015873,0
-0.013588,-0.0033395,0
-0.019287,0.028415,0
0.0050871,0.013364,0
-0.0070697,0.010641,0
0.0040874,0.0086382,0
0.015786,0.015929,0
-0.0047688,0.0097999,0
-0.010358,0.014707,0
-0.0052424,0.02151,0
-0.0057354,0.01869,0
0.016169,0.0075997,0
0.010282,0.0066827,0
-0.0065017,0.0036718,0
0.019321,0.0024258,0
0.010698,0.029898,0
-0.014014,0.0011866,0
0.011486,0.021445,0
0.0008628,0.023063,0
-0.012523,0.013888,0
0.0043096,0.012784,0
0.010103,0.0022586,0
0.021387,0.004444,0
0.0052229,0.02089,0
0.00055397,-0.0067525,0
0.015004,0.0062572,0
-0.010508,0.010925,0
-0.00065271,0.013266,0
0.016238,0.011016,0
0.015065,0.021491,0
0.015358,0.0011381,0
0.025284,-0.018634,0
0.02383,0.019401,0
0.0049298,0.0065601,0
0.027083,0.023567,0
-0.0017168,0.018578,0
0.0056736,0.036998,0
0.0011011,0.010946,0
0.013771,0.0014663,0
0.0039124,0.0091021,0
0.011642,0.024584,0
0.0018966,0.016267,0
-0.0034598,0.0084236,0
-0.015623,0.014004,0
-0.0064054,0.012552,0
-0.013489,0.024911,0
-0.019616,0.025182,0
-0.0069302,-0.0029039,0
-0.030046,0.0065177,0
-0.0044433,0.013532,0
0.011152,0.02093,0
-0.0051969,0.012034,0
-0.0088256,0.0097671,0
0.014679,0.020095,0
0.0069756,0.025936,0
-0.0012716,0.0027322,0
0.00060177,0.020488,0
-0.011956,0.012502,0
-0.0028071,0.016606,0
0.0003409,0.011107,0
-0.019729,0.016234,0
-0.0025848,0.0052836,0
0.00023972,0.029882,0
-0.011362,0.010539,0
-0.010381,0.016484,0
-0.0038911,0.017559,0
0.006428,0.034511,0
-0.0041467,0.027471,0
-0.019758,0.014814,0
0.0023067,0.0092159,0
0.0032584,0.030657,0
0.013495,0.026353,0
-0.0011027,0.017852,0
0.0024277,0.017413,0
0.012376,0.01676,0
-0.00089993,0.010118,0
-0.0069536,0.02129,0
-0.018148,0.011193,0
0.0043542,0.018269,0
0.010521,0.022251,0
-0.010395,0.01294,0
0.012886,0.022759,0
0.0075672,0.00047432,0
0.00039086,0.020497,0
0.013663,0.01979,0
0.0043493,0.022172,0
0.0054346,0.017629,0
-0.009589,0.013623,0
-0.005543,0.012352,0
0.0025373,0.0039096,0
0.0043863,0.012318,0
-0.040585,0.03339,0
-0.00014582,0.0032552,0
0.022239,0.027558,0
-0.0032183,0.010614,0
-0.0044625,0.034025,0
-0.0013351,0.015915,0
-0.0041696,0.031497,0
-0.02549,0.0032588,0
-0.032269,0.018022,0
0.00021204,0.0061611,0
-0.0061201,0.02325,0
-0.008913,0.021662,0
-0.0074733,0.012146,0
-0.0063476,0.013734,0
-0.0086134,0.010206,0
0.0040725,0.013636,0
0.017543,0.0031213,0
-0.010848,0.013135,0
0.015579,0.042213,0
0.0061348,0.026985,0
-0.0092844,0.011849,0
-0.0071164,0.014894,0
-0.0098499,0.027871,0
-0.0042277,0.0017886,0
0.0020585,0.015552,0
-0.0137,0.014202,0
0.0067623,0.028617,0
0.0083254,0.011085,0
-0.017054,0.012567,0
0.0065116,0.0040684,0
-0.0090289,0.017533,0
-0.012945,0.01603,0
0.021595,0.021801,0
0.0021711,0.0052369,0
0.00017907,0.025554,0
-0.00021768,0.0076266,0
-9.892e-05,0.026857,0
-0.0066381,0.019767,0
0.0099191,0.0026563,0
0.017526,0.012967,0
-0.004494,0.024192,0
0.013135,0.015516,0
6.3608e-05,0.022379,0
-0.0054384,0.0041047,0
-0.013545,0.015203,0
-0.01093,0.018375,0
-0.010579,0.010786,0
0.01429,-0.0058453,0
-0.00043689,0.018612,0
-0.011462,0.024802,0
0.0056203,-0.0068357,0
0.0025658,0.029425,0
0.012847,0.012201,0
0.010424,0.015694,0
0.0051193,0.011165,0
0.011179,0.012227,0
0.0005733,0.0064029,0
-0.0012306,0.03651,0
0.0067147,0.023103,0
0.0019481,0.0066863,0
0.0074488,0.015169,0
0.0073318,0.011261,0
0.025405,-3.7058e-05,0
0.017439,0.0084899,0
-0.013923,0.012111,0
-0.014845,0.015858,0
-0.0017541,0.017569,0
-0.0070672,-0.0085644,0
0.015039,4.6858e-05,0
0.0046694,0.0057492,0
0.033047,0.02163,0
-0.0041767,0.0056312,0
-0.01809,0.021302,0
0.00069558,0.025941,0
-0.008034,0.0273,0
-0.0088419,0.0052823,0
0.0098801,0.0076551,0
0.0025264,0.017947,0
0.007763,0.008596,0
0.0093044,0.027881,0
0.0075831,0.028213,0
-0.0029151,-0.0027493,0
0.021374,0.013027,0
0.013735,0.02586,0
0.0039874,0.028547,0
0.0020243,0.022598,0
0.0061478,0.00081221,0
0.0095,0.010243,0
0.011005,0.0066612,0
0.0059606,0.022859,0
0.0028897,0.012784,0
-0.001282,0.0079847,0
0.01043,0.0078746,0
0.010597,0.013386,0
-0.0018988,0.013701,0
0.0010031,0.022707,0
0.0026314,0.014142,0
0.0069845,0.026753,0
0.024996,0.022128,0
0.0047726,0.012708,0
0.0058899,0.014382,0
0.01692,0.014076,0
0.010657,0.019979,0
-0.028835,0.014095,0
0.00038804,0.01899,0
-0.0014504,0.03032,0
-0.011144,0.035734,0
0.0049911,0.013248,0
-0.00078784,0.02783,0
-0.0086166,0.0066268,0
-0.0032172,0.025567,0
0.0052754,0.0018996,0
0.0093931,0.014831,0
0.005761,0.0071418,0
-0.0032272,0.018514,0
0.0046602,0.033634,0
-0.0056023,0.004132,0
0.0024248,0.024341,0
0.0048205,0.011073,0
-0.0096574,0.0218,0
-0.0038506,0.025204,0
0.0066272,0.020344,0
-0.0014431,0.00090723,0
-0.02855,0.011613,0
0.0033445,0.030752,0
-0.0047736,0.023442,0
-0.0058445,-0.0047693,0
-0.016268,0.017725,0
0.008467,0.019682,0
-0.00352,0.022637,0
-0.0028332,0.028677,0
0.0063988,0.025125,0
-0.0041122,0.0057068,0
0.0008907,0.0020005,0
-0.021672,0.014588,0
-0.0058722,0.01935,0
-0.00083919,-0.0028703,0
0.018319,0.017594,0
-0.0051175,0.0088525,0
-0.022345,0.010517,0
-0.0024382,0.02903,0
-4.2356e-05,0.010424,0
0.014101,0.019384,0
-0.01146,0.016941,0
-0.0050437,5.5782e-05,0
0.0043465,0.016643,0
0.01934,0.017497,0
-0.0081424,0.010238,0
-0.024657,0.021704,0
-0.0013062,0.021279,0
-0.0030621,0.0096064,0
-0.0088836,0.033036,0
-0.0011413,-0.0090018,0
-0.00024657,0.016925,0
0.0050989,0.014248,0
-0.0026058,0.019472,0
0.0098161,0.034871,0
0.0016472,0.012812,0
-0.011314,0.02656,0
-0.02105,0.0017665,0
0.00013866,0.00058415,0
0.0065427,0.029893,0
-0.0033607,0.004492,0
-0.0049425,0.0049983,0
0.0095494,0.023052,0
-0.012267,0.0090243,0
-0.007461,0.02218,0
-0.013426,0.019651,0
0.0090832,0.015337,0
-0.016718,0.026714,0
-0.0072088,0.026516,0
-0.0010667,0.013106,0
-0.0035232,0.012272,0
0.0015622,0.011959,0
0.0080537,0.03269,0
0.013791,0.035034,0
-0.018984,0.01263,0
0.0055421,0.028514,0
0.0025468,0.02826,0
-0.009538,0.016399,0
0.0045097,0.020744,0
-0.013789,0.016071,0
0.019562,0.025316,0
-0.0035184,0.01186,0
-0.0065491,0.024155,0
0.0070871,0.015596,0
-0.006512,0.01768,0
0.012225,0.0092211,0
0.0072322,0.010114,0
0.013508,0.021471,0
0.0061633,0.027518,0
-0.010517,0.013526,0
0.0088718,0.0055913,0
-0.008439,0.00676,0
-0.0026276,0.010377,0
0.008611,0.021665,0
0.0038226,0.012955,0
0.014381,0.00059318,0
-0.022967,0.034993,0
0.012635,0.025874,0
0.010243,0.0075365,0
-0.0022747,-0.0049637,0
0.0069916,0.030431,0
0.0023005,0.016519,0
-0.0066963,0.026556,0
0.0018273,0.0015551,0
-0.00035049,-0.0048429,0
0.00081554,0.02006,0
-0.014556,0.0048607,0
-0.0025341,0.014023,0
0.0042435,0.017515,0
-0.0058069,0.012306,0
-0.014533,0.025478,0
0.0043797,0.018613,0
-0.0050037,0.01686,0
-0.0016938,0.0045616,0
-0.0051608,0.018287,0
0.00055301,0.0097381,0
0.0038503,0.0098613,0
0.008486,-0.0046321,0
-0.001294,0.015664,0
0.010666,0.0058517,0
-0.0005273,0.019259,0
0.0028589,0.019933,0
0.011327,0.014427,0
-0.019275,0.001831,0
4.9481e-06,0.016228,0
9.5155e-05,0.0071728,0
0.0042588,0.021046,0
-0.00060795,0.029086,0
-0.0072938,0.014731,0
0.0095011,0.019927,0
0.00033279,0.01351,0
0.0024427,0.0071543,0
0.0033765,0.025922,0
0.01222,-0.0025077,0
0.012363,0.0056139,0
0.013546,0.011417,0
0.0089125,0.011561,0
0.010715,0.031148,0
0.023491,0.013279,0
0.0032682,0.01157,0
0.0067777,0.012348,0
-0.0083254,0.00417,0
0.014681,0.0056424,0
0.032976,0.012966,0
0.00015147,0.013358,0
-0.024005,0.019814,0
0.0011173,0.0125,0
0.013902,0.019989,0
0.011867,0.016359,0
0.0054994,0.0064752,0
0.0036736,-0.0034343,0
-0.0042549,0.033094,0
0.015452,0.023105,0
0.011305,0.02259,0
0.0083561,0.025544,0
0.01251,0.026935,0
0.023893,0.0090081,0
-0.012562,0.026963,0
0.012124,0.015597,0
-0.0021787,0.026326,0
0.01292,0.018426,0
-0.00019156,0.0183,0
0.0033551,0.029265,0
0.005328,0.031767,0
0.011349,0.0013332,0
0.019552,0.013985,0
0.0023429,-0.0017172,0
0.011419,0.020901,0
0.010687,0.012271,0
0.017681,0.031446,0
-0.0026806,0.020937,0
-0.016388,0.023237,0
-0.024265,0.021741,0
0.00059567,0.0109,0
-0.0054572,0.020677,0
-0.013403,0.028112,0
-0.020101,0.010706,0
0.0060309,0.01089,0
-0.0063049,0.025444,0
-0.010468,0.018513,0
-0.007366,0.0080012,0
0.0026497,0.001916,0
-0.015421,0.0050452,0
0.0082925,0.029328,0
-0.01194,0.012006,0
-0.0013169,0.017856,0
-0.020939,0.011048,0
-0.0051202,0.010198,0
-0.0082598,0.032459,0
-0.0082167,0.011236,0
0.010745,0.0023719,0
-0.028864,0.0070311,0
-0.0049478,0.024429,0
-0.0061451,0.012091,0
0.0068493,-0.0010278,0
-0.0043248,0.027536,0
-0.012334,0.0088825,0
-0.012184,0.037941,0
-0.018441,0.024383,0
0.00895,0.0043892,0
0.004631,0.018604,0
-0.0023286,0.013995,0
-0.016129,0.032298,0
-0.012814,0.0022917,0
-8.2147e-05,0.020218,0
0.0023835,0.02531,0
-0.0005781,0.033831,0
0.00023174,0.010902,0
-0.012215,0.0060379,0
0.0068465,0.022696,0
-0.0038773,0.010852,0
0.000497,0.0044682,0
-0.0083432,0.025638,0
0.0029486,0.025953,0
0.00079047,0.012397,0
-0.0057837,0.02168,0
-0.00010183,0.0096908,0
-0.0078087,0.021355,0
-0.0090166,0.019538,0
0.0039327,-0.00034724,0
-0.00072176,0.022268,0
-0.0019566,0.041047,0
-0.012492,0.016166,0
0.016809,0.0085805,0
0.0019113,0.01742,0
-0.0165,0.0029491,0
0.0016412,0.014102,0
0.0011083,0.010987,0
0.016332,-0.0032196,0
-0.01667,0.0090952,0
0.020954,-0.0041134,0
-0.0090256,0.0076308,0
-0.0029351,0.012118,0
0.0083634,-0.0064869,0
-0.0091016,0.013426,0
-0.010982,0.01872,0
0.014754,0.0099711,0
-0.005832,0.019276,0
-0.0082005,0.011982,0
0.0012917,0.018876,0
-0.0089277,0.038987,0
-0.0023083,0.028765,0
0.013225,0.01912,0
0.00034255,0.01244,0
-0.0023728,0.025307,0
0.0023941,0.020744,0
-0.0031842,0.005631,0
0.011647,0.0078007,0
0.019327,0.029828,0
0.010316,0.027527,0
0.02154,0.03698,0
0.0038914,0.025101,0
0.0050149,0.0012953,0
-0.001688,0.019364,0
0.011099,0.021061,0
-0.012752,0.011026,0
-0.0040124,0.032693,0
0.0067099,0.0067757,0
0.0010851,0.014354,0
0.014973,0.013986,0
-0.010547,0.021178,0
0.00027931,0.028765,0
-0.0014465,0.015387,0
-0.0067977,0.00036127,0
-0.012228,0.017073,0
0.015595,0.015647,0
0.010343,0.008965,0
0.015369,0.023415,0
-0.014854,-0.0071148,0
-0.0073414,0.037666,0
0.0088864,0.024861,0
-0.0054592,0.0099672,0
-0.010594,0.013006,0
-0.007117,0.029962,0
0.0042796,0.010187,0
-0.0053103,0.014054,0
-0.0068731,0.018434,0
-0.01571,0.010891,0
0.0022226,0.013397,0
0.009521,0.0094148,0
0.0015182,0.02122,0
-0.02171,0.015948,0
-7.3811e-06,0.03072,0
-0.0019443,0.010752,0
0.010088,0.012037,0
-0.017322,0.049102,0
0.012128,0.014732,0
0.0055955,0.02456,0
0.0048298,0.021695,0
0.0017683,0.021712,0
-0.010388,0.019111,0
0.0069951,0.011696,0
0.0092331,0.015986,0
-0.0064359,0.020869,0
0.0093268,0.013633,0
0.0081591,0.027632,0
-0.0041103,0.018219,0
-0.01549,0.034605,0
-0.013813,0.030985,0
0.014274,0.037515,0
-0.0066163,0.010542,0
-0.0014696,0.011155,0
0.015582,0.009806,0
0.007593,0.0069585,0
0.0042585,0.0034647,0
0.010716,0.015524,0
0.0013347,0.0068258,0
0.0009274,0.016878,0
0.017451,0.021224,0
-0.019056,0.020392,0
-0.0014527,0.0085665,0
0.011171,0.024775,0
-0.0013904,0.012486,0
0.011006,0.032069,0
0.0097286,0.028519,0
0.00047157,0.019516,0
0.0055101,0.010777,0
0.0061686,0.0028462,0
0.0040605,0.013574,0
5.2168e-05,0.030986,0
-0.0049682,0.016765,0
0.011216,0.0153,0
0.0079801,0.014653,0
-0.0016165,0.027279,0
0.0093684,0.012481,0
0.0084971,0.011096,0
0.016519,-0.0024017,0
0.015865,0.013808,0
-0.018287,0.013677,0
0.0065184,0.027447,0
0.013743,0.036639,0
0.015171,0.0078018,0
-0.0063255,0.019726,0
0.0012709,0.014832,0
0.01312,0.013259,0
0.0049876,0.019061,0
0.00086414,0.019557,0
0.0035922,0.024281,0
-0.0079325,0.0052534,0
0.01703,0.038588,0
-0.013864,0.014972,0
-0.0019446,0.020531,0
0.0045694,0.012368,0
-0.0030993,0.017109,0
0.0062195,0.028497,0
0.0033816,0.0089718,0
0.008528,0.019049,0
0.012052,0.025207,0
0.0082702,0.013963,0
0.01765,-0.0068329,0
0.0077547,0.019325,0
0.01362,0.02271,0
0.013431,0.024194,0
0.0058422,0.021219,0
-0.00020185,-0.0046171,0
0.0082258,0.029739,0
-0.00032099,0.019812,0
-0.0014837,0.021992,0
0.0016491,0.019089,0
-0.0013463,-0.0051348,0
-0.024624,0.014804,0
-0.011776,0.021104,0
-0.0044478,0.0069531,0
0.0054226,0.019851,0
-0.012306,0.0228,0
-0.014528,0.00077474,0
-0.00459,0.030026,0
-0.001732,0.016086,0
-0.010915,0.014638,0
-0.015887,0.014303,0
-0.0067201,0.0033119,0
-0.023979,0.016663,0
0.00079476,0.031161,0
-0.0004301,0.022016,0
-0.017163,0.018431,0
-0.0007272,0.016602,0
-0.015172,0.012708,0
-0.0254,0.013163,0
0.0104,0.013866,0
-0.0096056,0.035308,0
0.0012183,0.025533,0
0.0053388,0.012731,0
-0.0012682,0.026639,0
-0.018281,0.01089,0
0.0069703,0.017413,0
0.0055897,0.020857,0
-0.0095862,0.01608,0
-0.019395,0.0010862,0
0.0028967,0.0029819,0
0.02005,0.011661,0
0.0081335,0.029071,0
0.007804,0.018491,0
-0.014184,0.031825,0
-0.0077509,0.021646,0
-0.010584,0.027558,0
-0.004027,0.029078,0
0.022511,0.012599,0
0.00026991,0.028794,0
-0.0059889,0.021655,0
0.010378,0.02736,0
-0.011335,0.020579,0
0.0013561,0.0022801,0
0.012646,0.0074354,0
-0.0086029,0.0080276,0
-0.0055715,0.038409,0
-0.0010958,0.011869,0
0.0096095,0.034788,0
0.02227,0.024787,0
0.018512,0.033943,0
0.00085402,0.02211,0
-0.0047822,0.020844,0
-0.0086858,0.025802,0
-0.0052723,0.02746,0
0.0015478,0.021079,0
-0.011595,0.038656,0
-0.020883,0.016252,0
0.0025332,0.012602,0
-0.0076696,0.02067,0
0.0026399,0.02338,0
-0.012152,0.010902,0
-0.0024673,0.025249,0
-0.0020362,0.025259,0
-0.0071412,0.032901,0
0.028543,0.016635,0
-0.0069145,0.015365,0
-0.012429,0.018797,0
0.0017904,0.017035,0
0.010066,0.010144,0
0.0023556,0.015608,0
-0.0018026,0.045979,0
0.018913,0.033273,0
-0.0086442,0.016339,0
0.00050532,-0.015981,0
-0.0059983,0.0061913,0
-0.0080424,0.023672,0
0.019865,0.014293,0
-0.0026211,0.015194,0
-0.021288,0.02602,0
-0.0058054,0.016554,0
0.0058884,0.021318,0
-0.00473,0.005425,0
0.0048395,0.037863,0
-0.0056865,-0.0062475,0
0.0083291,4.1347e-05,0
-0.013636,9.0123e-06,0
-0.0093059,0.025827,0
-0.0084771,0.018288,0
0.0032125,0.0089572,0
0.023589,0.01195,0
0.014767,0.043967,0
-0.010478,-0.0044936,0
-0.012262,0.0077678,0
-0.0012319,0.026531,0
-0.0064389,0.017835,0
-0.005572,0.024614,0
-0.022049,0.02652,0
0.0036449,0.014995,0
-0.002989,0.012953,0
-0.012546,0.027704,0
-0.010967,0.025687,0
-0.018472,0.027248,0
0.0028493,0.0044686,0
-0.0056254,0.0016931,0
-0.012145,0.017339,0
0.00081812,0.013752,0
0.0019973,0.018959,0
-0.012973,0.0025017,0
0.0035365,0.004189,0
-0.0077114,0.022789,0
0.006885,0.013161,0
-0.0010217,-0.0032646,0
0.0050374,0.017807,0
-0.0035256,0.0088469,0
-0.0055185,0.026949,0
-0.00091097,0.011598,0
-0.0078589,0.018252,0
0.0036182,0.021315,0
0.0095816,0.019312,0
0.0082402,0.020947,0
-0.014308,0.01239,0
-0.002872,0.01504,0
-0.013151,0.02323,0
0.0037627,0.024571,0
0.010505,0.029016,0
-0.0050081,0.022008,0
-0.0040077,0.020798,0
-0.0063731,0.021106,0
-0.0040629,0.024396,0
0.0049086,0.02893,0
-0.0024827,0.017398,0
0.00034731,0.016005,0
-0.003064,0.030237,0
0.024061,0.023661,0
-0.0040375,0.024568,0
0.025314,0.029212,0
0.002003,0.026744,0
0.001463,0.02951,0
0.003061,0.0094022,0
-0.0010026,0.016595,0
0.0015415,0.0067676,0
0.0035596,0.021072,0
0.011824,0.02125,0
0.0091949,0.014924,0
0.011794,0.033125,0
0.0078132,-0.0022047,0
-0.010003,0.038275,0
-0.010371,0.038249,0
0.018526,0.036746,0
0.012053,0.010277,0
0.0017962,0.009823,0
0.0021057,0.00017412,0
0.0042366,-0.007411,0
0.0063719,0.021681,0
0.01544,0.011569,0
0.0046969,0.023965,0
-0.0034405,0.01158,0
0.0040815,0.011859,0
-0.0030121,0.015437,0
0.0037286,0.021722,0
0.00085197,0.015099,0
0.0026845,0.023948,0
-0.0081544,0.017058,0
0.0060353,0.022865,0
0.0069746,0.019297,0
0.011164,0.016001,0
0.00089247,0.018878,0
-0.0014347,0.031498,0
-0.0027995,0.014784,0
0.0050268,0.014178,0
-0.0089642,0.0081731,0
0.00067058,0.017241,0
0.0092735,0.0074532,0
0.017706,0.027005,0
0.014833,0.012394,0
0.0034284,0.02728,0
0.0024403,0.00014653,0
0.020558,0.012343,0
-1.1768e-05,0.019665,0
-0.0035829,0.0027423,0
-0.0036109,0.041161,0
0.0036535,0.010549,0
0.011792,0.021791,0
-0.0029868,0.03929,0
0.012285,0.025948,0
0.0036936,0.02119,0
0.012903,0.013031,0
-0.0050629,0.018789,0
0.0052418,0.0072628,0
-0.0086398,0.010609,0
3.2499e-05,0.034164,0
0.011931,0.040543,0
-0.0031161,0.031104,0
-0.00353,0.0023843,0
-0.013082,0.020821,0
0.0029859,0.023572,0
-0.0025599,0.010506,0
-0.0048224,0.013018,0
0.009717,0.025253,0
-0.019207,0.0050989,0
-0.020986,-0.0019623,0
-0.015207,0.0083171,0
-0.013451,0.025584,0
-0.011164,0.024863,0
-0.00017895,0.0168,0
-0.0087523,0.037856,0
-0.0099478,0.011425,0
-0.011105,-0.00433,0
-0.015372,0.015176,0
0.0057104,0.023144,0
0.0028497,0.020628,0
-0.013542,0.014976,0
0.0064886,0.022691,0
-0.0087977,0.026529,0
-0.0018939,0.0051655,0
0.0041451,0.016051,0
-0.0054454,0.014134,0
0.0041862,0.044842,0
-0.0051809,0.036149,0
0.014322,0.0083429,0
-0.0015279,0.011032,0
-0.0051195,0.0093273,0
0.011334,0.02752,0
0.0007719,0.011149,0
-6.8244e-05,0.015529,0
0.0062241,0.027659,0
0.0062606,0.013313,0
-0.0062824,0.022638,0
-0.0075809,0.038588,0
0.0019975,0.028136,0
0.0089566,0.0061318,0
-0.014475,0.011321,0
0.0036492,0.023337,0
0.0051017,0.030939,0
-0.011727,0.019198,0
0.0034245,0.0040282,0
-0.012506,0.021783,0
-0.01727,0.023443,0
-0.0020138,0.030527,0
-0.0027862,0.046457,0
-0.012088,0.024403,0
-0.0041543,0.026188,0
-0.004199,0.0015512,0
0.00044714,0.016094,0
-0.02288,0.026994,0
-0.0093157,0.019531,0
-0.012399,0.029617,0
0.00084774,-0.009443,0
0.01314,0.0078257,0
0.014804,0.027814,0
0.00033977,0.010685,0
0.0037243,0.037074,0
-0.005556,0.021892,0
-0.015065,0.024187,0
-0.0031907,0.015775,0
0.0010863,0.015397,0
0.00042821,0.013831,0
0.00045974,0.020813,0
0.00903,0.012599,0
-0.0058673,0.03209,0
-0.0042978,0.02425,0
-0.0068173,0.017804,0
0.015525,0.031512,0
0.0079283,0.027292,0
-0.030519,0.015331,0
-0.0019198,0.013959,0
0.0085222,0.030211,0
-0.0010249,0.035082,0
-0.0055503,0.018222,0
-0.0051912,0.018958,0
0.013657,0.025365,0
-0.0087115,0.010299,0
-0.014744,0.027999,0
-0.0081728,0.035295,0
-0.0093112,0.019639,0
-0.020944,0.0053307,0
-0.0018093,0.018875,0
-0.0013714,0.034324,0
-0.0033333,0.02789,0
-0.0052479,0.034949,0
-0.0041453,0.030582,0
0.0085732,0.022185,0
-0.0062826,0.013553,0
-0.015531,0.014435,0
-0.016765,0.016875,0
0.0012227,0.017057,0
-0.0078787,0.0089635,0
0.0008753,0.016975,0
0.0092744,0.034473,0
-0.00058679,0.017363,0
-0.0044573,0.0071769,0
-0.0096843,0.030739,0
0.0029511,0.023887,0
-0.0015106,0.0211,0
-0.0062518,0.024278,0
0.011792,0.014903,0
0.0011881,0.024897,0
0.005608,0.021055,0
0.016382,0.017983,0
-0.0017621,0.013978,0
0.0090175,0.033971,0
0.0026872,0.02227,0
-0.0065174,0.0057097,0
0.0018926,-9.0973e-05,0
-0.01418,0.036921,0
0.0034578,0.02801,0
0.0013983,0.023176,0
0.002068,0.025683,0
0.00097543,0.017658,0
0.013057,0.010881,0
0.0079726,0.0070314,0
-0.010205,0.01992,0
0.016365,0.033738,0
-0.0042957,0.01462,0
0.0087445,0.034034,0
0.0063894,0.019665,0
-0.0069696,0.0068642,0
-0.0098117,0.013063,0
-0.015097,0.014878,0
0.014591,0.00622,0
-0.014517,0.038793,0
-0.0061519,0.0090288,0
0.0082442,0.018202,0
0.007612,0.035367,0
0.011617,0.027701,0
0.002435,0.027768,0
-0.00183,0.013998,0
0.0042197,0.02454,0
-0.0070129,0.018914,0
0.0018301,0.030261,0
0.0083606,0.03899,0
-0.0042427,0.012802,0
-0.004395,0.019996,0
0.010188,0.015784,0
-0.002034,0.028778,0
0.0027732,0.016637,0
-0.001811,-0.0016824,0
-0.0082275,0.0034363,0
-0.0042404,0.01599,0
-0.018101,0.010927,0
-0.0041999,0.029719,0
0.0033416,0.024691,0
-0.0008096,0.022502,0
0.0040554,0.028933,0
-0.0076741,0.021196,0
0.0099315,0.015039,0
-0.0036599,0.013004,0
0.00010195,0.022565,0
0.0043621,0.014315,0
0.0021412,0.0147,0
0.013387,0.021274,0
-0.020819,0.011855,0
0.0011622,0.0057756,0
0.0016884,0.020851,0
-0.015965,0.019592,0
0.010021,0.019266,0
0.02163,0.031211,0
0.0054862,0.018397,0
0.0076012,0.032078,0
-0.011629,0.019123,0
0.01548,0.020179,0
0.0060228,0.014251,0
0.0032272,0.014784,0
-0.0015049,0.031928,0
0.0033353,0.024067,0
-0.00051246,-0.0010073,0
0.013472,0.039517,0
0.0039683,0.02943,0
0.0038125,0.028741,0
0.003572,0.021617,0
0.012438,0.022963,0
0.014105,0.033674,0
0.015752,0.024437,0
0.0086036,0.013998,0
0.0012727,0.021361,0
0.015417,0.028588,0
0.008734,0.024009,0
-0.0011217,0.016821,0
0.013608,0.0092192,0
0.010764,0.033053,0
0.0049357,0.0016238,0
0.0033922,0.023549,0
0.011118,0.027331,0
0.002666,0.007252,0
-0.0032118,0.032487,0
-0.006363,0.017799,0
0.0059798,0.020664,0
0.013409,-0.0030379,0
-0.012349,0.045842,0
0.01099,0.012692,0
-0.00885,0.0072739,0
-0.0072627,0.0099669,0
-0.011154,0.026361,0
-0.021792,0.050292,0
-0.010126,0.040572,0
0.0011278,0.011802,0
0.0094517,0.010816,0
-0.011167,-0.0052988,0
-0.010506,0.005552,0
-0.016416,0.0076231,0
-0.0039629,0.040013,0
0.0092624,0.021283,0
0.023163,0.028418,0
0.002881,0.013382,0
0.0066317,0.013446,0
0.0093029,0.016704,0
-0.014161,0.025667,0
0.010343,0.018406,0
-0.030483,0.026904,0
0.012355,0.013746,0
-0.0012364,0.03409,0
-0.011803,0.030082,0
-0.0093287,0.0030016,0
-0.0050089,0.025796,0
-0.012663,0.021058,0
-0.015876,0.010891,0
0.00051536,0.011388,0
-0.0048216,0.016151,0
0.015694,0.01575,0
0.002766,0.010305,0
-0.0056066,0.052048,0
0.0019838,0.027941,0
-0.0097556,0.029937,0
0.013708,0.030443,0
-0.021868,0.018902,0
-0.001633,0.020734,0
-0.0084304,0.0047099,0
-0.0077599,0.0074643,0
-0.0043288,0.010707,0
-0.00037202,0.017458,0
0.0095831,0.025281,0
-0.0010381,0.024814,0
0.0066055,0.031394,0
-0.0040646,0.024003,0
0.015731,0.035284,0
0.0062917,0.00119,0
-0.0062857,0.031095,0
-0.00075257,0.0085201,0
-0.010909,0.010826,0
-0.013187,0.027024,0
-0.0014066,0.0094895,0
-0.0043736,0.022662,0
-0.01303,0.044532,0
-3.8177e-05,0.029897,0
-0.014045,0.027139,0
-0.0041228,0.024247,0
0.0042008,0.015201,0
0.00056425,0.013973,0
-0.00018182,0.029406,0
-0.0013945,0.015761,0
0.0061358,0.015104,0
-0.011015,0.0086412,0
0.0037433,0.01511,0
-0.0036202,0.002374,0
-0.010137,0.040619,0
-0.013279,0.015499,0
-0.027783,0.019568,0
-0.0042927,0.022543,0
-0.024386,0.012233,0
0.013879,0.019033,0
0.0025272,0.020778,0
0.010418,0.0093211,0
0.012478,0.044933,0
-0.0092513,0.01615,0
0.016777,0.012073,0
0.00084534,0.007407,0
-0.0012268,0.020017,0
-0.007546,0.034544,0
0.0098173,0.0087268,0
0.014416,0.016831,0
-0.0075621,0.00087477,0
-0.002995,0.025128,0
-0.0097537,0.022794,0
0.0077226,0.0066093,0
-0.0022851,0.0099597,0
-0.00356,0.038129,0
0.012419,0.022516,0
0.008002,0.029281,0
0.014236,0.033763,0
-0.0045504,0.015562,0
-0.010534,0.019337,0
0.00752,0.0076649,0
-0.011625,0.034866,0
-0.002944,0.022648,0
0.0097537,0.020509,0
-0.018416,-0.0041071,0
-0.0064433,0.020929,0
0.01914,0.029535,0
-0.0064378,0.036986,0
0.00051275,0.012312,0
0.017285,0.03144,0
-0.0018934,0.0044786,0
0.015852,0.031658,0
-0.0020939,0.027212,0
0.01117,0.045988,0
0.002613,0.037518,0
0.0097871,0.010116,0
-0.0029914,0.025744,0
0.0078636,0.025539,0
-0.00030107,0.026011,0
-0.0061372,0.019664,0
-0.0011785,0.024129,0
-0.0094987,0.027117,0
0.019133,0.037079,0
0.0044572,0.039063,0
0.012297,0.015643,0
-0.013768,0.035894,0
0.00018152,0.029266,0
0.00054073,0.01655,0
-0.0078714,0.035538,0
0.00024739,0.019013,0
-0.00083449,0.014909,0
-0.0012892,0.014492,0
0.019553,0.032653,0
0.0067604,0.025708,0
0.0078291,0.024636,0
0.017427,0.029517,0
-0.0059888,0.018705,0
-0.0010697,0.027932,0
0.015793,0.013937,0
0.023881,0.028377,0
-0.0092517,0.016691,0
-0.007479,0.03744,0
0.0043498,0.031514,0
-0.0026877,0.029882,0
0.0038587,0.015233,0
0.0035417,0.037204,0
0.035357,0.021872,0
0.015358,0.021042,0
0.01585,0.021628,0
-0.0050024,0.031939,0
0.0026058,0.011112,0
-0.0074308,0.01537,0
-0.0091655,0.042656,0
-0.0017983,0.0056807,0
0.0033986,0.031015,0
-0.0067784,0.039338,0
-0.0095134,0.018417,0
0.0019694,0.020707,0
0.025456,0.03269,0
0.013722,0.019045,0
0.011126,0.023722,0
0.011084,0.017736,0
-0.0020281,0.030363,0
0.003628,0.034939,0
0.014371,0.010861,0
-0.0015452,0.030497,0
-0.0058789,0.019807,0
-0.010267,0.035435,0
0.001001,0.015607,0
0.0093738,0.023899,0
0.010343,0.02633,0
0.0020415,-0.0031882,0
-0.017382,0.02979,0
0.025766,0.021588,0
0.012627,0.0064993,0
0.0075809,0.025135,0
0.014578,0.02694,0
0.0090463,0.03197,0
0.005908,0.033423,0
-0.0042631,0.029281,0
0.010004,0.010567,0
-0.0014209,0.023574,0
0.012292,0.010252,0
0.0046605,0.021089,0
0.010516,0.0037555,0
0.0023901,0.026482,0
0.0024648,0.016057,0
0.010587,0.038147,0
0.026771,0.021454,0
0.015551,0.01062,0
0.015599,0.039051,0
0.018158,0.013077,0
0.0033316,0.027687,0
0.0046143,0.027026,0
0.024381,0.02365,0
-0.01297,0.023097,0
-0.012502,0.02239,0
-0.012377,0.0082636,0
-0.020658,0.023923,0
-0.013109,0.010807,0
-0.018711,0.0091156,0
0.015202,0.023719,0
0.0035101,0.01364,0
-0.00094349,0.015681,0
-0.022928,0.020952,0
-0.0050709,0.029284,0
-0.010487,0.012135,0
-0.016427,0.024642,0
0.0020141,0.031991,0
-0.0040815,0.027598,0
0.0017122,0.023675,0
0.0037158,0.0064539,0
-0.018325,0.026574,0
0.0027449,0.031653,0
-0.0030081,0.018211,0
0.0035827,0.024618,0
-0.023881,0.015222,0
-0.0052628,0.01918,0
0.0037954,0.021563,0
0.0045488,0.02712,0
0.0041903,0.03691,0
0.0010253,0.018609,0
-0.013555,0.023912,0
0.0016606,0.019115,0
-0.0205,0.018116,0
-0.012281,0.027014,0
-0.014854,0.040407,0
-0.0071336,0.030477,0
0.029301,0.031008,0
-0.020605,0.01493,0
-0.01016,0.0045279,0
-0.0031742,0.015026,0
-0.016832,0.007755,0
0.0021497,0.011946,0
0.00016885,0.01962,0
-0.011087,0.018802,0
0.00037956,0.033047,0
0.0014877,0.021329,0
0.0067811,0.01189,0
-0.016996,0.017108,0
-0.0080286,0.0068039,0
-0.015212,0.020628,0
-0.014602,0.0096836,0
-0.0092632,0.023547,0
0.0030985,0.01362,0
0.012018,0.027772,0
0.020757,0.025623,0
-0.0067945,0.02332,0
-0.012613,0.032981,0
-0.00018453,0.013756,0
-0.017129,0.039414,0
-0.0024321,0.027852,0
0.00036148,0.012181,0
-0.0026392,0.024532,0
0.0030732,0.022013,0
-0.0042543,0.019441,0
-0.0063163,0.029577,0
-0.0046137,0.013331,0
-0.0077818,0.011979,0
-0.013765,0.016691,0
0.0051504,0.01159,0
0.0094182,0.021181,0
-0.0045028,0.026796,0
0.0080367,0.022281,0
-0.0033115,0.013626,0
0.013146,0.023889,0
0.0099082,0.014256,0
-0.0042207,0.01301,0
0.0061278,0.011906,0
0.014502,0.015924,0
0.0020766,0.011725,0
0.0243,0.025535,0
-0.010413,0.029695,0
0.0068142,0.022077,0
0.0032701,0.015874,0
-0.0087331,0.029708,0
0.002629,0.018862,0
-0.011326,0.03137,0
-0.0016244,0.013863,0
0.0080816,0.023038,0
-0.012849,0.018991,0
-0.0027566,0.028499,0
0.0049275,0.0091039,0
0.027984,0.0048711,0
0.0041576,0.031732,0
0.0030393,0.0028703,0
0.012507,0.040381,0
0.0092201,0.0014643,0
-0.0090732,0.037689,0
-0.0013595,0.030448,0
0.0042727,0.043595,0
-0.014577,0.015586,0
0.0053647,0.004717,0
0.0085565,0.02342,0
0.012116,0.037997,0
-0.0096063,0.033037,0
-0.010298,0.02592,0
-0.0027641,0.030531,0
0.018614,0.018482,0
0.0068599,0.010569,0
-0.010189,0.040269,0
0.0060748,0.019127,0
-0.0035892,0.015027,0
0.006105,0.012356,0
0.0012656,0.032562,0
0.0025189,0.022721,0
-0.0011264,0.027649,0
0.013903,0.029747,0
-0.0052686,0.030797,0
-0.0016792,0.018187,0
0.0032815,-0.0019685,0
0.013156,0.014425,0
0.0034364,0.028108,0
-9.2908e-05,0.033225,0
0.014716,0.024547,0
0.019474,0.014402,0
0.0070925,0.021635,0
-0.0099914,0.011572,0
0.0090322,0.016407,0
-0.0025054,0.027842,0
0.007732,0.020255,0
-0.017658,0.036164,0
-0.0074071,0.042251,0
-1.787e-05,0.0028867,0
0.021587,0.0065922,0
0.0045961,0.018804,0
0.0028741,0.027132,0
0.0085061,0.021893,0
-0.0079222,0.012302,0
-0.00013832,0.026756,0
0.0035302,0.0025841,0
0.011859,0.012345,0
0.0069067,0.029758,0
-0.0034945,0.019461,0
0.0084297,0.025346,0
-0.015077,0.0060772,0
0.0036065,0.030994,0
-0.0018263,0.033998,0
-0.0083149,0.019625,0
0.012472,0.01293,0
0.010252,0.017866,0
0.015684,0.024415,0
-0.00036626,0.021984,0
0.0010588,0.030457,0
0.00031467,0.015193,0
-0.0021897,0.019471,0
0.0023932,0.010002,0
-0.016847,0.024889,0
0.0037867,0.029493,0
0.0022191,0.028796,0
0.010815,0.039566,0
0.0030668,0.038414,0
-0.0022872,0.02206,0
0.0035001,0.026501,0
0.016471,0.042021,0
0.0056784,0.027316,0
0.023268,0.044948,0
0.0041704,0.031861,0
0.0056432,0.015938,0
0.0025349,0.033497,0
-0.0044021,0.015635,0
0.020963,0.029842,0
0.0075496,0.023434,0
0.010634,0.0087366,0
0.022254,0.020174,0
-0.010466,0.032052,0
-0.017818,0.011463,0
0.010492,0.025253,0
0.0023155,0.011166,0
-0.017218,0.03857,0
-0.021828,0.0090712,0
0.013444,0.018076,0
0.0022492,0.045318,0
0.011801,0.028239,0
-0.003809,0.017365,0
-0.012455,0.0092353,0
-0.007179,0.037647,0
-0.0026126,0.0175,0
-0.014744,0.042409,0
-0.011918,0.025134,0
-0.0075725,0.02815,0
-0.0064687,0.03776,0
-0.007314,0.0092861,0
0.0047361,0.016852,0
-0.011547,0.026958,0
-0.0058149,0.01764,0
-0.0086855,0.013343,0
-0.0044452,0.013477,0
0.0013992,0.013967,0
-0.0027978,0.013344,0
0.0014789,0.014724,0
-0.017639,0.029798,0
-0.0037225,0.034673,0
-0.0068458,0.033247,0
-0.030966,0.0064523,0
-6.5714e-05,0.035104,0
-0.0050635,0.039567,0
-0.0030583,0.017449,0
-0.004682,0.030763,0
-0.016037,0.027181,0
-0.00073361,0.011165,0
9.82e-05,0.019004,0
0.0055727,0.030426,0
-0.0071419,0.027393,0
0.0054208,0.018666,0
-0.0088494,0.034258,0
-0.00098002,0.036319,0
0.013623,0.013067,0
-0.04123,0.023728,0
0.01785,0.014,0
-0.0069438,0.030267,0
-0.0049337,0.016467,0
-0.0083305,0.02296,0
-0.00067886,0.030867,0
0.004946,0.021063,0
0.0049628,0.023557,0
-0.015397,0.036835,0
0.01135,0.038818,0
0.0082975,0.023921,0
-0.032931,0.037977,0
0.010049,0.01679,0
-0.0044849,0.026941,0
-0.030289,0.0044635,0
0.012075,0.032112,0
-0.0081343,0.0099798,0
0.00054284,0.0068024,0
-0.012708,0.01483,0
0.012882,0.032738,0
0.0068444,0.013533,0
-0.0017023,0.017477,0
-0.0092273,0.017743,0
0.0038073,0.0070561,0
-0.00050234,0.016522,0
0.0058695,0.023321,0
-0.033404,0.019442,0
-0.01545,0.015965,0
-0.0023009,0.019048,0
0.0013955,0.026907,0
-0.0038925,0.02063,0
-0.010391,0.013677,0
0.00054993,0.023294,0
-0.0014715,0.035798,0
0.0089297,0.03238,0
0.001161,0.02021,0
-0.0071757,0.020815,0
0.0040648,0.020604,0
-0.004705,0.022691,0
-0.00093163,0.036743,0
0.0013379,0.001493,0
0.015804,0.018801,0
-0.0018366,0.044017,0
-0.014871,0.029686,0
-0.0043069,0.019056,0
0.0043716,0.023278,0
0.0048308,0.0018512,0
-0.0085574,0.040116,0
0.009217,0.039002,0
-0.018469,0.01946,0
-0.00060503,0.017412,0
-0.0080637,0.016587,0
0.0047445,0.017381,0
0.015002,0.017311,0
0.00083086,0.015442,0
0.0068978,0.026245,0
0.016569,0.021205,0
0.0099592,0.052276,0
-0.0012984,0.019759,0
0.0014562,0.024263,0
-0.0017265,0.028804,0
-0.012383,0.040826,0
0.00027941,0.027814,0
-0.0095795,0.042253,0
0.021248,0.027062,0
-0.0057217,0.036718,0
0.014963,0.026173,0
0.0087306,0.040153,0
-0.0018776,0.020231,0
-0.0021197,0.037911,0
-0.0048589,0.025317,0
0.016374,0.043059,0
0.0049927,0.026545,0
-0.0012913,0.023091,0
0.0093035,0.028191,0
0.0047402,0.024734,0
0.010344,0.026276,0
-0.007662,0.02103,0
0.0047274,0.040375,0
0.0059992,0.023791,0
1.4351e-05,0.019307,0
0.0039456,0.018257,0
-0.0033204,0.038589,0
0.023126,0.039531,0
0.019138,0.030177,0
-0.00055055,0.036853,0
0.0040295,0.0097034,0
0.016909,0.015579,0
0.0046088,0.019602,0
0.010073,0.02628,0
0.0026461,0.029505,0
-0.0023367,0.015546,0
0.0027954,0.0010713,0
0.0077759,0.032965,0
-0.0012871,0.030006,0
-3.6071e-05,0.016895,0
0.012639,0.019142,0
-0.024637,0.010534,0
0.019133,0.010232,0
0.01436,0.019696,0
0.012778,0.028394,0
-0.0091198,0.021572,0
0.0023244,0.043134,0
-0.0073013,0.037338,0
0.0088906,0.022764,0
-0.0021726,0.028995,0
-0.011562,0.03968,0
-0.016579,0.021754,0
-0.0074726,0.040348,0
0.0024722,0.018762,0
-0.01132,0.030629,0
-0.00058847,0.018339,0
0.00051082,0.014373,0
-0.014776,0.017715,0
-0.01753,0.026249,0
-0.0033135,0.024652,0
-0.018932,0.0074385,0
0.026082,0.030878,0
-0.0008543,0.0070602,0
0.0020535,0.034025,0
-0.00793,0.024147,0
-0.020815,0.027267,0
-0.0086433,0.02527,0
0.010749,0.01298,0
-0.0088453,0.033103,0
-0.0070492,0.023055,0
-0.023336,0.028944,0
-0.018795,0.021743,0
-0.0024682,0.013505,0
0.00095536,0.017107,0
-0.014846,0.017502,0
0.016884,0.022024,0
-0.013319,0.024103,0
-0.011513,0.024502,0
-0.0027368,0.025198,0
0.0011991,0.017291,0
-0.010301,0.0080777,0
0.0049289,0.019885,0
-0.0079269,0.021816,0
-0.012738,0.03311,0
-0.0019552,0.035936,0
-0.0071138,0.026954,0
0.0058928,0.021867,0
-0.0085235,0.026503,0
0.0038676,0.016342,0
-0.010366,0.0019232,0
0.012223,0.031767,0
0.010574,0.037413,0
-0.003373,0.020316,0
-0.0043385,0.010231,0
-0.020793,0.019085,0
-0.0029551,0.0092113,0
0.0097005,0.032493,0
-0.010511,0.025844,0
0.010159,0.033231,0
-0.012302,0.010336,0
0.0014576,0.029755,0
-0.0050667,0.038668,0
0.017771,0.03809,0
-0.014758,0.017118,0
0.0087286,0.018724,0
0.00026105,0.032605,0
-0.012968,0.026601,0
-0.0052581,0.0019394,0
0.017659,0.030268,0
0.008482,0.022511,0
0.0059318,0.027625,0
-0.010547,0.021039,0
0.0023639,0.0098981,0
0.0024469,0.018085,0
-0.00051318,0.016776,0
0.012839,0.038982,0
0.017408,0.040511,0
-0.0018044,0.007862,0
0.0032818,0.030281,0
-0.0012465,0.02537,0
0.0016731,0.024246,0
0.0053074,0.015652,0
0.025663,0.020123,0
0.0069066,0.012603,0
0.010818,0.037831,0
-0.007363,0.029198,0
0.021421,0.023323,0
0.0038968,0.031644,0
0.00074112,0.037958,0
0.005629,0.018239,0
0.0047887,0.035247,0
-0.0020481,0.02836,0
-0.003112,0.03836,0
-0.0040409,0.02185,0
0.0071681,0.020783,0
-0.0081756,0.02417,0
0.020438,0.019352,0
-0.015238,0.012102,0
-0.011322,0.029172,0
0.0050301,0.030473,0
-0.006159,0.037368,0
0.0052689,0.021315,0
0.015304,0.029043,0
0.0090093,0.027073,0
-0.013294,0.013021,0
-0.0016232,0.029689,0
0.0033382,0.025944,0
0.013107,0.030816,0
0.0098138,0.027215,0
-0.0076332,0.0077931,0
-0.0075473,0.024768,0
0.0072577,0.014598,0
-0.0019238,0.025088,0
0.021528,0.023176,0
0.0024028,0.01113,0
0.019351,0.018732,0
-0.0076888,0.019341,0
-0.0030798,0.020449,0
0.0011701,0.021966,0
0.019335,0.041656,0
0.013748,0.020784,0
-0.0052943,0.008104,0
-0.0013251,0.006764,0
0.0072305,0.02428,0
-0.0081986,0.02434,0
-0.0083164,0.018236,0
-0.0097674,0.03379,0
-0.014553,0.020846,0
-0.013868,0.028013,0
-0.0060596,0.031324,0
0.012548,0.025706,0
-0.019046,0.040303,0
-0.011358,0.016994,0
-0.0076018,0.031974,0
-0.010193,0.0311,0
-0.010122,0.028598,0
0.0038608,0.02789,0
0.00079131,0.018228,0
-0.00089194,0.012377,0
-0.012161,0.016624,0
0.010583,0.032502,0
-0.014537,0.027035,0
0.0086517,0.03719,0
-0.029097,0.030754,0
-0.010097,0.022433,0
-0.021535,0.016916,0
0.00014738,0.030686,0
-0.00036406,0.031588,0
-0.01096,0.035213,0
-0.01021,0.016393,0
0.0073474,0.033319,0
-0.012811,0.035562,0
-0.011066,0.035577,0
0.00017006,0.0077249,0
-0.026546,0.0049557,0
-0.0071273,0.010087,0
0.010232,0.018619,0
-0.0062773,0.0097554,0
-0.010267,0.015417,0
-0.0021769,0.02666,0
-0.0083495,0.019432,0
-0.0023305,0.023532,0
0.016288,0.022694,0
-0.010376,0.040108,0
-0.011032,0.024241,0
-0.0053931,0.034671,0
0.0059504,0.036824,0
-0.001846,0.040896,0
-0.0034761,0.018975,0
-0.014669,0.011109,0
0.0016088,0.013751,0
-0.0053916,0.022694,0
-0.0075811,0.016366,0
0.0022283,0.030509,0
0.016481,0.021088,0
0.0092838,0.033618,0
-0.002563,0.023633,0
0.0052823,0.034435,0
-0.00085055,0.039932,0
0.0035396,0.032307,0
0.0023832,0.027065,0
-0.0050613,0.0082586,0
-0.010392,0.02854,0
-0.0074672,-0.0047992,0
0.010635,0.01646,0
0.0058467,0.01191,0
-0.0085217,0.028308,0
0.0041231,0.029582,0
-0.0051202,0.037571,0
-0.015942,0.028154,0
-0.014397,0.0059673,0
0.011677,-0.0018841,0
0.0017532,0.0091834,0
0.020799,0.016451,0
0.011388,0.027296,0
0.018482,0.057787,0
0.0070841,0.027741,0
0.010415,0.038727,0
0.0020668,0.033326,0
0.016141,0.03809,0
0.017587,0.041288,0
0.0068124,0.014306,0
0.0061596,0.033519,0
0.010487,0.025078,0
0.0033132,0.028657,0
0.0084764,0.032305,0
0.010712,0.044966,0
-0.0056636,0.0063113,0
-0.015465,0.017326,0
-0.026585,0.013168,0
-0.015269,0.022497,0
-0.010155,0.014206,0
-0.0046421,0.041302,0
-0.01954,0.024249,0
-0.00091279,0.025236,0
0.0018791,0.025933,0
-0.010669,0.021165,0
0.012909,0.025153,0
-0.0016682,0.021981,0
-0.0089095,0.033324,0
0.0051641,0.024802,0
-0.0007496,0.031767,0
-0.0094759,0.03766,0
0.0056128,0.02801,0
-0.017189,0.02412,0
-0.0054585,0.02808,0
-9.1954e-05,0.024518,0
0.013772,0.013996,0
-0.017299,0.035974,0
0.0077492,0.031589,0
0.023649,0.032711,0
-0.0023216,0.021946,0
-0.012819,0.041867,0
-0.022724,0.0093883,0
-0.0002044,0.0070491,0
-0.019961,0.030833,0
-0.0073692,0.036202,0
0.00081901,0.018125,0
-0.0028529,0.013887,0
0.0095349,0.031591,0
-0.003982,0.025981,0
-0.0059327,0.026638,0
-0.003037,0.0036615,0
0.0086622,0.04441,0
-0.0015833,0.021154,0
0.019012,0.028591,0
-6.7213e-05,0.050113,0
0.0082997,0.028952,0
0.0044976,0.037277,0
-0.01315,0.01268,0
0.0024684,0.022278,0
0.0023522,0.020907,0
0.0077349,0.022562,0
0.0096926,0.021052,0
-0.012876,0.010966,0
0.001986,0.042009,0
0.022665,0.030639,0
-0.01698,0.031534,0
-0.0080362,0.034109,0
-0.010618,0.031018,0
0.02301,0.01176,0
0.0022118,0.04772,0
0.021225,0.024243,0
0.004309,0.017984,0
-0.00742,0.028768,0
-0.0099862,0.01973,0
-0.0088779,0.037979,0
-0.024052,0.018546,0
-0.0080917,0.0037646,0
-0.012645,0.038003,0
0.01878,0.026654,0
0.00081701,0.015276,0
0.017982,0.033172,0
-0.0028,0.023943,0
0.0059956,0.016744,0
-0.0059736,0.022955,0
0.0052882,0.039242,0
-0.0017028,0.025397,0
0.01028,0.036171,0
0.031579,0.032612,0
0.015043,0.029553,0
0.021649,0.020535,0
0.02429,0.038997,0
0.010594,0.027037,0
-0.0041986,0.020224,0
0.012212,0.030767,0
0.0044468,0.013116,0
-0.0056304,0.012817,0
0.0041712,0.029308,0
-0.0044709,0.04366,0
0.0012493,0.031563,0
-0.01156,0.026317,0
0.011745,-0.0019633,0
-0.011747,0.027167,0
-0.016802,0.017456,0
0.0014264,0.032045,0
-0.0027985,0.026381,0
-0.0084025,0.031315,0
0.0074689,0.017286,0
-0.00092003,0.032499,0
0.0062566,0.029626,0
-0.0092937,0.038396,0
-0.011987,0.017426,0
0.0065091,0.033856,0
0.0021158,0.043606,0
0.00096789,0.025876,0
0.0067488,0.030788,0
0.013651,0.019884,0
0.00053208,0.036945,0
0.014221,0.023524,0
-0.023555,0.033756,0
-0.015685,0.018428,0
0.0090538,0.023294,0
0.011066,0.035409,0
0.0014227,0.040315,0
