-0.0088718,-0.036462,1
0.027976,-0.01098,1
0.00019138,-0.025696,1
0.0125,-0.03376,1
0.0068144,-0.032669,1
0.010033,-0.040934,1
-0.0015747,-0.023018,1
-0.0091176,-0.026188,1
0.002927,-0.018238,1
-0.0011802,-0.034838,1
-0.0024384,-0.016827,1
0.00018461,-0.029914,1
0.0061425,-0.035222,1
-0.0094512,-0.019474,1
0.0059487,-0.04047,1
0.003567,-0.024161,1
-0.0076631,-0.030286,1
0.018114,-0.012808,1
-4.7213e-05,-0.028897,1
0.011728,-0.036913,1
-0.00035917,-0.02203,1
0.0010374,-0.035718,1
-0.0058454,-0.019342,1
-0.006469,-0.017156,1
0.0011707,-0.033462,1
-0.0080107,-0.02991,1
-0.0021511,-0.04273,1
0.00024549,-0.032446,1
-0.004827,-0.023092,1
-0.0064007,-0.027822,1
0.0018935,-0.014694,1
-0.007638,-0.034816,1
0.0040656,-0.016725,1
0.0025626,-0.018846,1
-0.024139,-0.013634,1
-0.009512,-0.024331,1
0.012709,-0.034174,1
-0.0050919,-0.017531,1
0.0080885,-0.038728,1
0.015877,-0.022335,1
0.0030204,-0.032559,1
0.011386,-0.030177,1
-0.013964,-0.016596,1
0.014492,-0.023767,1
-0.0042223,-0.015027,1
-0.0035411,-0.012513,1
-0.0053331,-0.04146,1
-0.0091674,-0.026579,1
0.027151,-0.018771,1
0.0024954,-0.019725,1
-0.016753,-0.037763,1
-0.0062367,-0.01921,1
-0.015476,-0.017517,1
-0.0095773,-0.023385,1
-0.0020924,-0.027172,1
-0.011057,-0.024018,1
-0.0062293,-0.023165,1
-0.0023088,-0.033975,1
-0.0028746,-0.027595,1
-0.0013868,-0.016906,1
-0.0050388,-0.030679,1
-0.015969,-0.023837,1
0.00016162,-0.040007,1
-0.010592,-0.027519,1
-0.0009507,-0.0067727,1
0.015614,-0.038404,1
-0.0036664,-0.039501,1
-0.0091933,-0.028893,1
-8.6819e-06,-0.023001,1
0.0043979,-0.022281,1
0.0047895,-0.023291,1
0.0014472,-0.025458,1
0.0059849,-0.02502,1
0.00085215,-0.013872,1
0.0043535,-0.018628,1
-0.0083587,-0.028289,1
-0.0047697,-0.023538,1
0.0085325,-0.027562,1
0.0062336,-0.038005,1
-0.021554,-0.028513,1
-0.0067878,-0.016688,1
-0.0048702,-0.04226,1
0.00041877,-0.034196,1
-0.0028414,-0.033435,1
-0.0034278,-0.037741,1
0.0092403,-0.03209,1
0.0013375,-0.03094,1
0.0082782,-0.018132,1
-0.0053024,-0.030551,1
0.025551,-0.024077,1
-0.01053,-0.02141,1
-0.012505,-0.017429,1
0.011604,-0.0060169,1
-0.0055568,-0.038899,1
0.0027732,-0.018072,1
-0.00021192,-0.022018,1
-0.01151,-0.019962,1
-0.0075987,-0.025403,1
-0.0047478,-0.026917,1
0.0090821,-0.013619,1
0.018994,-0.025178,1
-0.0021518,-0.04246,1
0.0088591,-0.029352,1
0.01372,-0.030939,1
-0.0006747,-0.022626,1
0.0088714,-0.023019,1
0.0074886,-0.030444,1
0.0095164,-0.034512,1
-0.00060002,-0.01945,1
-0.015356,-0.017963,1
-0.007601,-0.012524,1
-0.0038985,-0.022006,1
-0.0014681,-0.027882,1
-0.020078,-0.020196,1
-0.017503,-0.017949,1
0.013331,-0.027341,1
-0.0037362,-0.031035,1
-0.016547,-0.015977,1
0.0034513,-0.016966,1
0.011493,-0.018749,1
-0.0017837,-0.021124,1
-0.014735,-0.025685,1
0.0058309,-0.046579,1
-0.007627,-0.019964,1
-0.016793,-0.018322,1
-0.00047645,-0.027398,1
-0.00078711,-0.011522,1
-0.0064016,-0.036604,1
-0.009366,-0.039422,1
-0.00012895,-0.024041,1
0.0069643,-0.034327,1
-0.0050658,-0.037863,1
0.0059989,-0.021422,1
-0.013859,-0.017962,1
-0.0032888,-0.028502,1
-0.015121,-0.021106,1
0.0089105,-0.017667,1
-0.0052,-0.022621,1
-0.010315,-0.037796,1
-0.0048633,-0.019078,1
-0.014762,-0.023866,1
-0.0071658,-0.03207,1
-0.0085605,-0.010398,1
0.0061893,-0.015673,1
-0.018244,-0.033723,1
-0.0083833,-0.016519,1
-0.0059221,-0.022742,1
0.0072843,-0.023043,1
-0.0082086,-0.031122,1
0.0052316,-0.00080001,1
-0.0058085,-0.01699,1
0.01979,-0.020861,1
0.0024665,-0.011677,1
-0.0088893,-0.039291,1
-0.010901,-0.024585,1
-0.0094386,-0.010468,1
-0.011658,-0.015181,1
-0.013583,-0.0035412,1
-4.5257e-05,-0.0291,1
0.0070194,-0.03675,1
-0.014719,-0.020954,1
-0.0052322,-0.026941,1
0.017499,-0.02046,1
-0.011792,-0.037151,1
0.012579,-0.038961,1
-0.0027651,-0.029009,1
0.009895,-0.038711,1
-0.019658,-0.015559,1
0.010545,-0.022317,1
0.0067261,-0.010602,1
0.011126,-0.037413,1
-0.0025657,-0.025921,1
-0.010457,-0.029123,1
-0.0069039,-0.023297,1
0.0047371,-0.012471,1
0.0074918,-0.017661,1
0.0014697,-0.02837,1
0.0005043,-0.033315,1
0.013494,-0.0026492,1
-0.000677,-0.026329,1
-0.017917,-0.043516,1
-0.0071311,-0.018349,1
-0.0093457,-0.023617,1
-0.016272,-0.034652,1
0.0030369,-0.029121,1
0.0054779,-0.013011,1
0.006996,-0.035832,1
0.027067,-0.0049391,1
0.01044,-0.023443,1
0.0069755,-0.018086,1
0.014645,-0.051517,1
0.020139,-0.0021253,1
-0.013951,-0.029444,1
-0.026303,-0.027715,1
-0.0031002,-0.031661,1
-0.01374,-0.032425,1
-0.014869,-0.013879,1
-0.020727,-0.027162,1
-0.0028158,-0.043451,1
-0.0077764,-0.00303,1
0.0078617,-0.029882,1
-0.015735,-0.015309,1
-0.015373,-0.036397,1
-0.0065935,-0.016234,1
-0.0080302,-0.013108,1
-0.011997,-0.013475,1
-0.0093143,-0.018719,1
-0.010797,-0.032765,1
-0.030797,-0.022225,1
-0.01056,-0.05062,1
-0.021843,-0.013068,1
-0.0062231,-0.042021,1
-0.010578,-0.019609,1
0.011994,-0.021282,1
0.0047921,-0.029671,1
-0.019478,-0.035248,1
-0.0018825,-0.01452,1
-0.011286,-0.011937,1
0.006648,-0.019871,1
-0.0035058,-0.021124,1
-0.0065492,-0.02663,1
-0.010649,-0.011023,1
-0.013912,-0.021317,1
-0.014402,-0.033205,1
-0.0068902,-0.011292,1
-0.0090643,-0.018407,1
0.0018398,-0.015759,1
0.0040005,-0.018959,1
-0.0078478,-0.014983,1
0.0048327,-0.0025901,1
0.0059103,-0.021014,1
0.0018444,-0.032921,1
-0.014018,-0.029313,1
0.0067477,-0.028103,1
0.0073493,-0.029161,1
0.00052942,-0.028672,1
-0.004912,-0.019325,1
0.0099743,-0.041943,1
-0.0049939,-0.011985,1
-0.0069582,-0.012742,1
-0.0098135,-0.030548,1
-0.0014758,-0.017206,1
-0.014991,-0.017822,1
0.0055701,-0.014903,1
-0.0041779,-0.029888,1
0.014304,-0.038129,1
0.014895,-0.018634,1
-0.0065598,-0.019974,1
-0.011561,-0.028923,1
0.0038539,-0.04139,1
0.0031173,-0.020771,1
0.0033839,-0.017995,1
0.0073404,-0.039636,1
-0.0035468,-0.025547,1
0.0078547,-0.010565,1
-0.012768,-0.0078735,1
0.0069129,-0.018147,1
-0.0014792,-0.025626,1
0.0064771,-0.037616,1
0.00070321,-0.010236,1
-0.0033055,-0.029568,1
-0.011976,-0.031197,1
0.00024454,-0.031855,1
0.013915,-0.022019,1
-0.0034447,-0.034585,1
0.011691,-0.030583,1
0.0029396,-0.02723,1
-0.010024,-0.020781,1
-0.0099916,-0.015129,1
0.00029359,-0.027169,1
0.012519,-0.020582,1
-0.0011207,-0.020072,1
-0.00099595,-0.033846,1
-0.0097911,-0.031268,1
-0.019694,-0.027408,1
-0.0086986,-0.035671,1
0.0077004,-0.042641,1
0.0038162,-0.022522,1
-0.003207,-0.033236,1
-0.00039306,-0.0193,1
0.0088475,-0.0041708,1
0.011762,-0.016547,1
0.0010176,-0.02985,1
0.0087968,-0.036364,1
-0.0046826,-0.02934,1
-0.0064506,-0.015036,1
-0.006212,-0.021299,1
0.01569,-0.0094856,1
0.0039307,-0.028426,1
0.0096328,-0.025043,1
0.020177,-0.021831,1
-0.014283,-0.028853,1
0.0069048,-0.016594,1
0.0049839,-0.01606,1
-0.0020204,-0.016206,1
0.011874,-0.012589,1
0.0019567,-0.030906,1
0.0071547,-0.02548,1
0.017191,-0.020692,1
0.0047438,-0.022016,1
-0.021547,-0.021309,1
0.012089,-0.044039,1
0.017682,-0.033213,1
-0.0061559,-0.02473,1
0.016257,-0.036527,1
0.021316,-0.032223,1
-0.00098424,-0.027891,1
0.030738,-0.0271,1
-0.0044752,-0.0082511,1
-0.010842,-0.011829,1
-0.017328,-0.023373,1
0.0060595,-0.0083044,1
-0.018097,-0.022052,1
-0.0050459,-0.022969,1
-0.013325,-0.0245,1
-0.0069509,-0.0087238,1
-0.0033339,-0.022522,1
0.0023118,-0.015215,1
0.011243,-0.023316,1
0.0015806,-0.026654,1
-0.00090093,-0.030423,1
-0.011638,-0.020739,1
-0.0073353,-0.023718,1
-0.014562,-0.024167,1
0.006946,-0.022543,1
-0.0070466,-0.022568,1
-0.0066192,-0.043838,1
-0.0049728,-0.021598,1
-0.01556,-0.035561,1
-0.016463,-0.017726,1
0.005192,-0.036019,1
-0.016766,-0.023014,1
0.0055037,-0.024497,1
0.010215,-0.031906,1
-0.0064701,-0.031391,1
-0.0036311,-0.032863,1
0.00036739,-0.029079,1
-0.0094936,-0.040365,1
-0.016095,-0.025723,1
-0.0042897,-0.010067,1
0.0083454,-0.013902,1
0.021377,-0.013909,1
-0.013756,-0.024281,1
-0.0029169,-0.0093694,1
-0.0086398,-0.010964,1
-0.023744,-0.025993,1
0.017429,-0.022715,1
0.0038604,-0.021349,1
-0.026463,-0.004362,1
-0.014462,-0.028361,1
-0.001621,-0.027273,1
0.0081719,-0.01182,1
-0.0080377,-0.030627,1
-0.012116,-0.02733,1
0.0078758,-0.026565,1
-0.0085543,-0.058017,1
-0.0021176,-0.017495,1
0.0095433,-0.02244,1
-0.0018698,-0.021397,1
-0.0068696,-0.025099,1
-0.0056804,-0.017706,1
-0.007205,-0.03952,1
-0.012184,-0.034503,1
-0.0081874,-0.03838,1
-0.0043343,-0.034245,1
-0.0089258,-0.010304,1
-0.0026127,-0.023604,1
-0.0056732,-0.024599,1
-0.0038159,-0.028884,1
-0.018832,-0.019591,1
-0.011123,-0.032049,1
0.0022021,-0.019924,1
-0.0010209,-0.021264,1
0.0061881,-0.015501,1
-0.010418,-0.029727,1
-0.00032321,-0.02407,1
0.0084661,-0.0037743,1
-0.010342,-0.037282,1
-0.0039507,-0.019363,1
-0.0046331,-0.027692,1
0.0032832,-0.039684,1
-0.010164,-0.021949,1
-0.0058338,-0.018813,1
0.0025791,-0.02367,1
-0.0092726,-0.022395,1
-0.012954,-0.012056,1
-0.00048847,-0.0043269,1
0.0053013,-0.025847,1
-0.019342,-0.030005,1
0.0017939,-0.03256,1
0.020489,-0.028307,1
0.0049257,-0.018199,1
-0.019097,-0.0099722,1
0.015547,-0.021969,1
-0.001407,-0.022532,1
-0.01159,-0.027889,1
0.0062172,-0.0074118,1
0.01198,-0.0078289,1
-0.0040281,0.0037712,1
0.0035188,-0.017843,1
-0.0053616,-0.009166,1
-0.022512,-0.02553,1
-0.0038748,-0.0098163,1
-0.0084139,-0.031047,1
0.0064659,-0.030722,1
-0.0020559,-0.020883,1
0.0017208,-0.012641,1
-0.0044629,-0.033988,1
-0.0028705,-0.015268,1
-0.0067876,-0.0070839,1
-0.0054967,-0.017254,1
0.0072871,-0.024364,1
-0.0021466,-0.023422,1
0.0018621,-0.012725,1
-0.020201,-0.023657,1
-0.0041922,-0.034634,1
-0.0025077,-0.020874,1
-0.0073528,-0.024637,1
0.00079247,-0.028223,1
-0.0036138,-0.021133,1
0.0056966,-0.020511,1
-0.001444,-0.018876,1
0.01144,-0.03204,1
-0.011078,-0.0086416,1
0.00040181,-0.0084629,1
-0.014592,-0.026483,1
0.007816,-0.011586,1
0.010363,-0.025602,1
-0.0054511,-0.011864,1
0.0090804,-0.033878,1
0.020814,-0.01881,1
0.010269,-0.035447,1
0.007642,-0.039707,1
-0.0047644,-0.024041,1
-0.0039152,-0.021905,1
0.010833,-0.0070686,1
0.022347,-0.017859,1
0.016544,-0.019387,1
0.0094325,-0.029221,1
-0.012741,-0.040665,1
-0.0043584,-0.0098988,1
0.023816,-0.027917,1
0.0012647,-0.02306,1
-0.0050244,0.0023886,1
0.0050854,-0.013877,1
0.0159,-0.030049,1
-0.00065614,-0.013765,1
-0.0082082,-0.020509,1
0.0088505,-0.025775,1
-0.0033752,-0.021102,1
0.016319,-0.025418,1
0.0208,-0.028831,1
0.012458,-0.03362,1
0.01621,-0.012814,1
-0.0096355,-0.0053102,1
-0.004584,-0.03228,1
0.0025277,-0.038741,1
-0.0059425,-0.017445,1
0.0044224,-0.0097071,1
-0.00094472,-0.017059,1
0.010013,-0.017029,1
0.0022803,-0.021778,1
-0.01032,-0.025283,1
-0.0032109,-0.030295,1
0.00096124,-0.030929,1
0.010328,-0.015693,1
0.00076484,-0.025726,1
-0.0070059,-0.009705,1
-0.0095032,-0.042141,1
0.005441,-0.020484,1
0.0057743,-0.028449,1
-0.0018917,-0.018779,1
0.0037186,-0.029535,1
-0.00040588,-0.038131,1
0.0048639,-0.035108,1
-0.0038767,-0.026193,1
-0.018502,-0.010145,1
0.0097118,-0.032529,1
-0.011683,-0.0060118,1
-0.02051,-0.019149,1
-0.0073197,-0.018012,1
-0.0088956,-0.023937,1
-0.019617,-0.026269,1
-0.021589,-0.02753,1
-0.01302,-0.0070653,1
-0.027981,-0.0089543,1
-0.0022616,-0.03291,1
-0.00685,-0.026806,1
0.011468,-0.026245,1
-0.00079477,-0.031596,1
-0.014184,-0.02801,1
-0.015025,-0.032382,1
0.011446,-0.020738,1
-0.013843,-0.023405,1
-0.0046869,-0.033733,1
-0.0096019,-0.019724,1
0.0025296,-0.021624,1
-0.0027461,-0.022755,1
0.016992,-0.030417,1
-0.011605,-0.028004,1
-0.0010872,-0.01971,1
0.011341,-0.028056,1
-0.016395,-0.00071345,1
0.0021255,-0.026436,1
-0.0063446,-0.022821,1
-0.014327,-0.014574,1
0.0056876,-0.0322,1
-0.0098296,-0.021682,1
-0.01985,-0.027028,1
0.0020698,-0.026134,1
0.00081611,-0.01281,1
0.0080979,-0.016242,1
-0.00010648,-0.029822,1
0.0055681,-0.0253,1
-0.0011518,-0.020291,1
0.00010096,-0.018064,1
0.0049112,-0.026895,1
0.0023641,-0.016815,1
-0.0030653,-0.022832,1
-0.00806,-0.031136,1
-0.011048,-0.015537,1
0.0048219,-0.01854,1
0.024037,-0.018041,1
-0.00055413,-0.0227,1
-0.0039261,-0.018636,1
-0.010195,-0.020419,1
0.013901,-0.029292,1
-0.011661,-0.019985,1
-0.012281,-0.030825,1
-0.0019689,-0.017043,1
-0.0026339,-0.0075156,1
0.0031082,-0.012246,1
0.023351,-0.029352,1
-0.0058443,-0.0085924,1
0.0013084,-0.019457,1
0.00099011,-0.022722,1
0.011492,-0.024025,1
0.0088294,-0.018478,1
-0.007322,-0.019987,1
-0.010808,-0.020307,1
0.0028756,-0.020136,1
-0.011412,-0.012859,1
0.0164,-0.026102,1
0.001445,-0.030659,1
-0.00049865,-0.016065,1
-0.0043731,-0.017801,1
-0.0056282,-0.011509,1
0.0038788,-0.021568,1
0.0091199,-0.010535,1
-0.01219,-0.020621,1
-0.0040866,-0.010889,1
-0.015155,-0.014661,1
0.0081413,-0.0094922,1
0.0044327,-0.014153,1
0.01169,-0.022175,1
0.010449,-0.037617,1
0.0063112,-0.019105,1
-0.00082691,-0.031463,1
-0.0071256,-0.023262,1
-0.0076817,-0.00667,1
0.001542,-0.0057517,1
-0.0093764,-0.027455,1
0.0080339,-0.0083971,1
0.0057075,-0.02445,1
-0.0034167,-0.022713,1
-0.0031581,-0.01684,1
0.0015703,-0.019048,1
0.01022,-0.027825,1
-0.0014436,-0.015514,1
0.0057671,-0.016035,1
-0.00064357,-0.022213,1
0.0098429,-0.001525,1
-0.0060442,-0.016139,1
-0.0011429,-0.029315,1
0.021656,-0.01333,1
0.0051724,-0.017778,1
-0.017591,-0.023417,1
-0.010657,-0.027747,1
-0.0041802,-0.033761,1
0.005241,-0.029644,1
0.0089267,-0.017567,1
0.0064714,-0.024658,1
-0.0082937,-0.032179,1
0.0065033,-0.020185,1
-0.00049406,-0.011736,1
0.00042131,-0.0014989,1
0.012015,-0.016944,1
0.0080428,-0.03694,1
0.0030202,-0.019858,1
-0.021496,-0.018978,1
0.0016574,-0.030798,1
0.01577,-0.029845,1
-0.0013073,-0.016956,1
0.0078715,-0.02518,1
0.0053617,-0.010676,1
-0.0073704,-0.027042,1
0.00014211,-0.019013,1
0.0067781,-0.033111,1
0.0025141,-0.0062034,1
0.0033434,-0.01907,1
0.00097395,-0.0075361,1
-0.0025188,-0.016582,1
0.0056175,-0.025844,1
0.010802,-0.028101,1
0.0029216,-0.026286,1
0.01157,-0.012559,1
-0.0092596,-0.034264,1
0.011105,-0.030358,1
0.0087293,-0.015782,1
0.0056971,-0.011184,1
0.022297,-0.02038,1
-0.0011895,-0.016669,1
-0.0070808,-0.021683,1
-0.0054508,-0.030593,1
0.0064675,-0.033253,1
-0.0068699,-0.038757,1
0.0072075,-0.034554,1
0.020144,-0.025112,1
0.0064007,-0.013375,1
0.0095864,-0.026286,1
0.010951,-0.010005,1
0.0056621,-0.023989,1
0.017969,-0.014627,1
0.033002,-0.02692,1
-0.0073946,-0.0325,1
0.0071991,-0.036288,1
-0.0031789,-0.022502,1
0.00030815,-0.030419,1
-0.0086785,-0.0042951,1
-0.013812,-0.016419,1
-0.0052953,-0.021745,1
-0.0044842,-0.047,1
-0.010461,-0.028627,1
-0.0082138,-0.0055667,1
-0.017763,-0.015412,1
-0.002402,-0.027492,1
-0.0066897,-0.035857,1
-0.013951,0.0013502,1
-0.015336,-0.021163,1
-0.007888,-0.021431,1
0.0078422,-0.017906,1
-0.009449,-0.019226,1
-0.0098958,-0.015384,1
0.0038768,-0.017445,1
-0.0054905,-0.023116,1
0.0028708,-0.017721,1
-0.0096647,-0.005038,1
-0.0055792,-0.0072666,1
-0.006708,-0.015769,1
-0.0060661,-5.7646e-05,1
0.0048888,-0.040719,1
0.0032859,-0.028738,1
-0.0075259,-0.010659,1
-0.0045356,-0.027226,1
-3.0764e-05,-0.031842,1
-0.00013341,-0.029047,1
-0.0053101,-0.013331,1
-0.0034512,-0.012976,1
-0.0029363,-0.0093834,1
-0.0064763,-0.031641,1
0.013785,-0.018607,1
-0.0015767,-0.025198,1
0.0041939,-0.022799,1
-0.0053282,-0.034228,1
-0.006544,-0.029504,1
0.0021095,-0.020628,1
-0.022269,-0.026048,1
0.00034096,-0.034749,1
0.0095699,-0.012093,1
-0.0071204,-0.026303,1
-0.0074141,-0.035034,1
-0.015426,-0.021895,1
-0.0096465,-0.021173,1
-0.0056816,-0.010032,1
-0.015295,-0.017416,1
-0.0046855,-0.037049,1
-0.020657,-0.029407,1
0.0026215,0.0033378,1
0.00050855,-0.0091413,1
-0.015994,-0.0044505,1
-0.0086196,-0.010449,1
-0.0081396,-0.046514,1
2.7222e-05,-0.0095859,1
-0.00072026,-0.036447,1
-0.0022462,-0.0090403,1
-0.016997,-0.026902,1
-0.0065191,-0.010801,1
-0.0015419,-0.010489,1
-0.015491,-0.013222,1
-0.0046956,-0.016507,1
-0.019457,-0.011102,1
-0.008741,-0.027695,1
0.018228,-0.013617,1
0.0068446,-0.024629,1
0.0075491,-0.010512,1
0.0060027,-0.032286,1
0.01183,-0.027421,1
0.0029544,-0.02504,1
0.0088842,0.0014446,1
-0.0018484,-0.00628,1
0.0016011,-0.0073234,1
0.0034778,-0.028603,1
0.001739,-0.0065252,1
0.011174,-0.021659,1
-0.010896,-0.017843,1
0.0026857,-0.032805,1
0.019423,-0.028735,1
0.013791,-0.023239,1
0.0043638,-0.024998,1
-0.0014353,-0.031419,1
-0.0041328,-0.035573,1
-0.0060597,-0.014627,1
0.0051684,-0.025755,1
-0.0022577,-0.029632,1
0.013543,-0.012695,1
0.0027393,-0.022767,1
-0.019724,-0.026234,1
-0.0023283,-0.026573,1
0.0037721,-0.022415,1
0.0020824,-0.0058067,1
-0.0037541,-0.027823,1
0.0010253,-0.018525,1
-0.0095726,-0.03753,1
0.003925,-0.024868,1
-0.0046211,-0.036374,1
-0.024185,-0.018745,1
0.014598,-0.007805,1
0.012356,-0.036852,1
-0.0061089,-0.015344,1
0.018476,-0.027159,1
-0.0079169,-0.017627,1
-0.0055265,-0.027846,1
0.0026685,-0.0026408,1
-0.00098827,-0.0010891,1
-0.0014244,-0.039133,1
-0.0036126,-0.0366,1
0.011245,-0.032903,1
-0.0031591,-0.015834,1
0.0066257,-0.022985,1
-0.0053298,-0.044446,1
0.010166,-0.019854,1
0.016535,-0.04213,1
-0.0059231,-0.025915,1
-0.0018385,-0.018756,1
0.033229,-0.016061,1
-0.0033101,0.0060146,1
0.0060746,-0.020832,1
0.0039923,-0.01262,1
-0.0075551,-0.017727,1
-0.010836,-0.017735,1
0.01115,-0.0091149,1
0.0067806,-0.011916,1
-0.0055672,-0.020823,1
0.005951,-0.034229,1
-0.0037685,-0.035011,1
0.0086254,-0.029239,1
0.019512,-0.013267,1
-0.022302,-0.030893,1
-0.0074431,-0.031614,1
-0.018798,-0.02704,1
-0.0092976,-0.019654,1
0.0078696,-0.027972,1
0.0071366,-0.027857,1
0.0058755,-0.030276,1
0.0092955,-0.013577,1
0.0044022,-0.005683,1
0.012579,-0.030065,1
-0.008711,-0.014848,1
0.018565,-0.037357,1
0.0061791,-0.0036768,1
0.01092,-0.018894,1
0.014377,-0.0039989,1
-0.0025096,-0.044946,1
0.009514,-0.028593,1
0.012714,-0.025847,1
-0.0092223,-0.014609,1
0.0029713,-0.0024365,1
-0.014682,-0.014583,1
-0.0026858,-0.019332,1
-0.013829,-0.031335,1
-0.013493,-0.025396,1
-0.00014514,-0.025888,1
-0.0070519,-0.030011,1
0.0044086,-0.01757,1
0.016768,-0.0093734,1
0.0047271,-0.013129,1
0.0054147,-0.024977,1
0.014674,-0.012293,1
0.00098377,-0.024416,1
0.013417,-0.019883,1
0.010702,-0.033642,1
0.0062134,-0.013798,1
0.010885,-0.028261,1
0.003075,-0.0081682,1
0.018867,-0.010206,1
-0.0060156,-0.012987,1
0.011152,-0.015354,1
0.004154,-0.027469,1
0.01897,-0.0064283,1
-0.0004872,-0.040276,1
0.014884,-0.0090297,1
0.034081,-0.023424,1
-0.0096385,-0.025896,1
-0.0043235,-0.037868,1
0.0089498,-0.029433,1
0.0027566,-0.018207,1
0.0033557,-0.0088765,1
0.0021616,-0.014259,1
0.013728,-0.0031969,1
-0.0021407,-0.028796,1
-0.002216,-0.034333,1
0.0082517,-0.02164,1
-0.020418,-0.0064904,1
-0.013249,-0.013285,1
-0.0037862,-0.021418,1
-0.0019371,-0.011121,1
-0.0057949,-0.0089837,1
0.0023427,-0.022638,1
-0.016644,-0.038377,1
-0.0065944,-0.0098689,1
0.0035217,-0.006311,1
0.0071959,-0.014562,1
0.0012358,-0.028749,1
-0.0055799,-0.026748,1
-0.027447,0.0022183,1
0.0066596,-0.025813,1
-0.0073267,-0.030207,1
-0.0042809,-0.0043803,1
-0.0019218,-0.019186,1
-0.02014,-0.032908,1
-0.0064763,-0.027181,1
-0.018977,-0.012851,1
-0.01149,-0.027664,1
-0.0061285,-0.011006,1
0.0039502,-0.0053172,1
-0.0095219,-0.028507,1
-0.0024345,-0.017092,1
-0.01659,-0.036466,1
-0.00075168,-0.028492,1
-0.019822,-0.016299,1
-0.014489,-0.024663,1
-0.00034026,-0.02295,1
-0.0095382,-0.033829,1
0.0042896,-0.010735,1
-0.0074747,-0.024385,1
0.013634,-0.011956,1
0.004924,-0.017466,1
-0.01636,-0.0073814,1
0.0010646,-0.020401,1
0.0052656,-0.035331,1
-0.0053713,-0.013887,1
-0.011942,-0.010341,1
-0.012424,-0.028432,1
0.0051295,-0.006756,1
-0.026412,-0.018759,1
-0.025376,-0.02201,1
0.0049503,-0.023429,1
-0.00035532,-0.03157,1
-0.012249,-0.021597,1
-0.0039309,-0.035385,1
0.0054463,-0.021852,1
-0.0111,-0.022858,1
0.004785,-0.020859,1
-0.001678,-0.026332,1
-0.0032329,-0.020026,1
-0.011458,-0.014431,1
-0.0086827,-0.035519,1
-0.014206,-0.016629,1
0.0051775,-0.021274,1
-0.010783,-0.0014555,1
-0.020196,-0.010664,1
-0.0053612,-0.014849,1
-0.018616,-0.030216,1
-0.0094478,-0.042363,1
0.01036,-0.015608,1
-0.0048785,0.0018199,1
-0.0088463,-0.0071628,1
0.0045238,-0.013348,1
0.0089914,-0.018951,1
-0.013974,-0.020599,1
-0.016356,-0.028282,1
0.0005072,-0.040679,1
0.0058678,-0.027669,1
-0.010351,-0.0018129,1
0.0065509,-0.02331,1
0.0071168,-0.0052864,1
0.002035,-0.024879,1
-0.0087723,-0.0062845,1
0.00028077,-0.014786,1
0.003236,-0.023742,1
0.01043,-0.01183,1
-0.00055908,-0.012131,1
-0.01672,0.011541,1
-0.014909,-0.011533,1
-0.00056779,-0.0020251,1
0.01342,-0.028565,1
-0.008911,0.00061126,1
0.0035174,-0.0070018,1
-0.0099701,-0.03966,1
-0.0081337,-0.023408,1
0.01498,-0.021254,1
-0.013471,-0.018004,1
-0.0073654,-0.019182,1
0.0081547,-0.020646,1
-0.004063,-0.0051246,1
-0.0018329,-0.011474,1
-0.004179,-0.010646,1
0.0021979,-0.016118,1
-0.02316,-0.021924,1
0.013937,-0.026032,1
0.026338,-0.02252,1
0.0019823,-0.013019,1
-0.0051229,-0.013725,1
0.009439,-0.02994,1
-0.0072335,-0.021283,1
-0.018405,-0.026622,1
-0.0063298,-0.02161,1
0.005513,-0.020746,1
0.001108,-0.02302,1
0.00011984,-0.027244,1
-0.0057256,-0.016485,1
-0.0091443,-0.031744,1
-0.020514,-0.030504,1
-0.0067124,-0.028002,1
-0.0063764,-0.014678,1
-0.0065099,-0.033055,1
-0.009656,-0.01835,1
0.0084603,-0.0091181,1
0.0079266,-0.02036,1
-0.0071067,-0.0060493,1
0.00025619,-0.0088864,1
-0.0051897,-0.0044629,1
0.016056,-0.024288,1
-0.0070819,-0.027023,1
-0.002831,-0.01883,1
0.0081817,-0.003438,1
-0.010055,-0.0092343,1
-0.014466,-0.022684,1
0.0026562,-0.027539,1
0.016149,-0.02065,1
0.0022213,-0.014283,1
-0.00045282,-0.024647,1
0.0021033,-0.017621,1
0.0017004,-0.0028056,1
0.0070159,-0.011882,1
-0.0069436,0.0096805,1
-0.0034437,-0.020833,1
0.0003202,-0.014254,1
-0.0083783,-0.034644,1
0.0099794,-0.024839,1
0.010343,-0.025374,1
0.0031803,-0.014895,1
0.0095477,-0.032057,1
0.011398,-0.010971,1
0.0053279,-0.011693,1
0.0013028,-0.013851,1
0.015689,-0.014763,1
0.009048,-0.023555,1
0.0051821,-0.0016544,1
-0.010463,-0.030131,1
0.011987,-0.033334,1
-0.0027196,-0.0069305,1
0.01241,-0.018649,1
0.01214,-0.034387,1
0.017352,-0.016841,1
0.015498,-0.016679,1
0.0058272,-0.037531,1
0.0012292,-0.025178,1
-0.0084647,-0.02363,1
0.0081907,-0.028321,1
0.020786,-0.015381,1
0.017352,-0.0077379,1
-0.0010517,-0.026299,1
-0.0053551,-0.010189,1
0.0057043,-0.036549,1
0.023836,-0.020785,1
0.0024994,-0.02398,1
0.0048092,-0.010424,1
0.015635,-0.025337,1
-0.017197,-0.033374,1
-0.015611,-0.010426,1
-0.018496,-0.017193,1
-0.0035153,-0.018886,1
-0.0010271,-0.028306,1
0.0003617,-0.025915,1
-0.00025437,-0.013528,1
0.010313,-0.02251,1
-0.0025981,-0.021652,1
-0.0027019,-0.017498,1
0.0091117,-0.021929,1
0.013546,-0.011652,1
0.0055323,-0.028328,1
-0.00395,-0.041752,1
-0.0025741,-0.0068254,1
7.756e-06,-0.01558,1
0.003539,-0.011107,1
0.008917,-0.012879,1
0.012998,-0.016422,1
0.023127,-0.027354,1
0.0078147,-0.020917,1
0.01118,-0.024212,1
0.008237,-0.031574,1
-0.0011667,-0.037948,1
0.017161,-0.02038,1
-0.01159,-0.017519,1
0.011873,-0.0266,1
0.031867,-0.025532,1
0.027539,-0.013554,1
-0.006808,-0.019038,1
-0.011153,-0.016972,1
-0.0095687,-0.014711,1
-0.010844,-0.013137,1
0.0058056,-0.019107,1
0.0023167,0.003209,1
-0.014567,-0.017243,1
-0.0045379,-0.03179,1
-0.0040452,-0.025443,1
-0.024113,-0.041858,1
0.010926,-0.021376,1
-0.010625,0.0035008,1
-0.019105,0.0036228,1
-0.021763,-0.020211,1
-0.01067,-0.028185,1
0.0059083,-0.0257,1
-0.0085794,-0.027938,1
-0.02452,-0.031228,1
-0.015168,-0.043963,1
-0.0046357,-0.032121,1
-0.022778,-0.017623,1
-0.01092,-0.016712,1
-0.013369,-0.015669,1
-0.01894,0.0027141,1
-0.0060669,-0.020665,1
-0.01296,-0.00593,1
0.0006858,-0.024453,1
-0.0017179,-0.011717,1
-0.015681,-0.012901,1
-0.010163,-0.0092896,1
-0.010803,-0.014153,1
-0.021643,-0.0074671,1
-0.035394,-0.015055,1
-0.0083877,0.0021545,1
-0.016315,-0.030507,1
-0.029099,-0.025977,1
-0.014048,-0.015521,1
-0.0023956,-0.014057,1
-0.01168,-0.01125,1
-0.011642,-0.02079,1
-0.0070171,-0.0099178,1
0.006184,-0.0054917,1
0.011499,-0.0042881,1
-0.018088,-0.0093013,1
0.0042565,-0.0072766,1
0.019853,-0.030181,1
-0.0091694,-0.016138,1
-0.011107,-0.01329,1
0.0020194,-0.014021,1
-0.013082,-0.021995,1
-0.0052736,-0.020955,1
0.0040381,-0.020923,1
0.0011789,-0.024942,1
-0.013675,-0.0041924,1
0.0054857,-0.027218,1
-0.0084262,-0.013101,1
-0.0002332,-0.018798,1
-0.015189,-0.001293,1
-0.00052654,-0.0049707,1
-0.012436,-0.021614,1
-0.0091629,-0.027396,1
-0.0061436,-0.014484,1
-0.00092464,-0.006735,1
0.0054331,-0.0043934,1
0.014361,-0.018094,1
-0.0051433,-0.016655,1
0.0016891,-0.00875,1
-0.010677,-0.022558,1
-0.0011429,-0.035875,1
0.010742,-0.016678,1
-0.0071966,-0.0083177,1
-0.0024644,-0.01256,1
0.0037309,-0.021135,1
0.0036451,-0.023993,1
-0.00029877,-0.017739,1
-0.0026784,-0.015859,1
0.004539,-0.022157,1
0.011346,-0.0083828,1
-0.0061746,-0.03082,1
0.0093602,-0.023285,1
-0.0027397,-0.012026,1
-0.0013357,-0.013965,1
0.010639,-0.026249,1
0.0031058,-0.020275,1
-0.0090079,-0.0030355,1
0.003624,-0.01246,1
-0.0085574,-0.0173,1
0.00037797,-0.02693,1
0.0067041,-0.0038317,1
-0.004273,-0.027075,1
-0.0026559,-0.020563,1
-0.013754,-0.018659,1
0.0010417,-0.030105,1
0.00031849,-0.023426,1
0.010583,-0.019378,1
-0.0006805,-0.022829,1
-0.0063468,-0.017731,1
0.0075197,-0.0076937,1
0.017514,-0.011493,1
0.0053032,-0.015545,1
-0.0020497,-0.0051785,1
-0.014061,-0.025984,1
-0.023512,-0.013488,1
-0.015952,-0.021445,1
-0.010873,-0.021978,1
-0.015454,-0.012079,1
0.009463,-0.02891,1
0.002412,-0.0095728,1
0.0073483,-0.02269,1
0.0058942,-0.027942,1
0.012077,-0.010874,1
-0.00084056,-0.02227,1
-0.0012223,-0.050515,1
-0.0086587,-0.0076187,1
0.018331,-0.026251,1
0.011612,-0.014657,1
0.0058756,-0.017445,1
0.0014476,-0.015343,1
-0.0071442,-0.016719,1
-0.0051523,-0.027343,1
0.00025733,-0.019843,1
-0.0076622,-0.0010711,1
-0.020131,-0.029904,1
-0.0058547,-0.011907,1
0.00026057,-0.013332,1
0.013908,-0.031824,1
0.0010586,-0.017805,1
-0.0091092,-0.0097785,1
0.0075327,-0.010722,1
-0.0061815,-0.039192,1
0.027258,-0.018511,1
-0.0085222,0.0052712,1
-0.010368,-0.0014635,1
0.014356,-0.018836,1
0.012344,-0.017289,1
0.0059782,-0.02355,1
0.0060607,-0.020186,1
-0.014189,-0.018045,1
0.014265,-0.018575,1
-0.007448,-0.021562,1
-0.01037,-0.024423,1
-0.0046208,-0.0181,1
-0.0055522,-0.023439,1
-0.00096813,-0.0052793,1
0.024055,-0.028135,1
-0.015597,-0.021007,1
0.0071745,-0.012131,1
-0.0058583,-0.026186,1
-0.0021609,-0.023712,1
-0.0073287,-0.0059817,1
0.022451,-0.0086637,1
0.013671,-0.014704,1
-0.0065702,-0.015059,1
-0.0020171,-0.011953,1
-0.010639,-0.023338,1
-0.010556,-0.01264,1
-0.0084154,-0.0083836,1
-0.0022445,0.0067645,1
0.0083003,-0.0033614,1
0.011705,-0.014506,1
0.011756,-0.016653,1
-0.0081419,-0.028219,1
0.0077158,-0.0062743,1
-0.013174,-0.0064139,1
-0.0045471,-0.020612,1
0.0089984,-0.0081672,1
0.010455,-0.020427,1
0.0086662,-0.020759,1
0.01077,-0.012014,1
0.0059499,-0.009257,1
-0.008863,-0.035627,1
0.0033658,-0.017357,1
0.0018964,-0.035048,1
0.0080045,-0.030216,1
0.01651,-0.0095143,1
0.0025559,-0.00081152,1
0.017651,-0.0088543,1
0.012585,-0.024192,1
0.013873,-0.023262,1
-0.0015906,-0.0058908,1
-0.0045459,-0.013331,1
0.0062522,-0.011219,1
0.017461,-0.0084135,1
0.033173,-0.02593,1
-0.012343,-0.0075812,1
0.0014484,-0.017479,1
0.0024707,-0.013022,1
0.0052927,-0.038505,1
0.0088905,-0.0014139,1
0.005666,-0.032194,1
0.0036557,-0.0020164,1
-0.003689,-0.011392,1
0.015129,-0.018515,1
0.0029475,-0.023605,1
-0.019951,-0.01388,1
-0.016126,-0.024015,1
-0.03389,-0.020173,1
-0.003893,0.0022446,1
-0.016544,-0.02593,1
-0.010263,-0.025418,1
0.0094212,-0.032637,1
0.011327,-0.030116,1
0.0020346,-0.014813,1
0.0041684,-0.004849,1
0.019782,-0.026399,1
-0.013258,-0.019666,1
-0.02103,-0.012043,1
-0.0047843,-0.0097157,1
-0.0064954,-0.0088648,1
-0.0066129,-0.023574,1
-0.0041796,-0.022957,1
-0.0053066,0.020927,1
-0.011634,-0.019563,1
-0.0011142,-0.013494,1
-0.0049782,-0.0057767,1
-0.0071074,-0.0098651,1
-0.013775,-0.015717,1
-0.0083961,-0.017463,1
-0.0024125,0.0021807,1
-0.011674,-0.023896,1
-0.0037248,-0.013199,1
-0.0095324,-0.013214,1
-0.0041399,-0.024315,1
0.0046791,-0.032464,1
-0.0074337,-0.017599,1
-0.010439,-0.02014,1
0.0014502,-0.027562,1
0.0048394,-0.025644,1
0.0032222,-0.025309,1
-0.0040086,-0.025977,1
0.00068882,-0.012415,1
-0.011578,-0.011358,1
0.0056865,-0.0014838,1
-0.0029803,-0.0091219,1
-0.011409,-0.016045,1
1.7091e-05,-0.012585,1
-0.00053151,-0.019652,1
-0.00039862,-0.023681,1
-0.0091953,-0.018097,1
-0.005549,-0.012008,1
-0.010197,-0.031699,1
-0.0017253,-0.014804,1
0.018225,-0.022993,1
0.0095716,-0.013398,1
-0.0038429,0.0064096,1
-0.00020344,-0.027324,1
-0.0042253,-0.018154,1
0.0026951,-0.017037,1
0.001553,-0.039392,1
0.00052445,-0.0072795,1
0.002805,-0.019692,1
-0.011336,-0.022608,1
-0.017414,-0.01323,1
-0.01354,-0.0073755,1
-0.0044302,-0.011062,1
0.0041089,0.00032967,1
0.0070385,-0.0022983,1
0.0084406,-0.014256,1
-0.010512,-0.020986,1
-0.00073988,-0.02728,1
-0.00040829,-0.011438,1
-0.0078947,-0.01241,1
0.00041245,-0.035299,1
-0.0053782,-0.0090683,1
0.0253,-0.023437,1
-0.0097595,-0.010109,1
-0.0093883,-0.026728,1
-0.013756,-0.024846,1
-0.021592,-0.025905,1
-0.0032578,-0.037112,1
-0.0075556,-0.031801,1
0.013303,-0.017847,1
-0.001737,-0.015428,1
-0.0012126,-0.011861,1
-0.0054324,-0.0080678,1
-0.0043541,-0.015429,1
-0.027787,-0.02546,1
-0.0016902,-0.020763,1
0.010032,-0.02674,1
-0.02145,-0.0082802,1
0.0061965,-0.017977,1
-0.0035095,-0.011322,1
-0.030211,-0.016077,1
-0.0093815,-0.0093044,1
-0.004961,-0.022999,1
0.0082995,-0.021352,1
0.00064631,-0.011644,1
-0.0053268,-0.016352,1
-0.0049226,-0.024232,1
0.014435,-0.034681,1
-3.7996e-05,-0.012324,1
0.0034207,-0.01216,1
-0.0071933,-0.015473,1
0.0012335,-0.037326,1
0.0054082,0.0035298,1
0.0077285,-0.025949,1
0.027779,-0.018482,1
-0.006359,-0.011415,1
0.014049,-0.025164,1
0.0015535,-0.014152,1
-0.020204,-0.025987,1
-0.0022233,-0.021466,1
0.0046576,-0.014904,1
0.028106,-0.0007949,1
0.006753,-0.013765,1
-0.010107,-0.0080782,1
0.008248,-0.019441,1
-0.0029723,-0.0092773,1
0.0075935,-0.0098096,1
-0.0061796,-0.017281,1
-0.014583,-0.019743,1
0.01323,-0.020923,1
-0.0058045,-0.020274,1
-0.009773,-0.017266,1
0.010242,-0.033255,1
-0.01955,-0.010107,1
0.0076865,-0.0099202,1
-0.0012213,4.5581e-05,1
0.0042721,-0.0075334,1
0.010438,-0.025441,1
0.001595,-0.027602,1
0.0067112,-0.012719,1
0.0026564,-0.0098869,1
-0.011408,-0.0088614,1
0.010426,-0.022303,1
0.015744,-0.030062,1
0.0044916,-0.018594,1
-0.0047796,-0.0075355,1
-0.0013438,-0.0040822,1
-0.0011335,-0.034268,1
0.014667,-0.032371,1
0.013535,-0.019681,1
-0.0015701,-0.024881,1
0.011244,-0.013393,1
-0.0036414,-0.0084242,1
-0.005392,0.00027269,1
-0.0026896,-0.022479,1
0.01057,-0.030219,1
-0.0030483,-0.021344,1
-0.0059754,-0.020825,1
0.0058074,-0.030409,1
-0.0062296,-0.024127,1
0.008749,-0.025788,1
0.0029118,-0.016741,1
0.0091378,-0.020277,1
-0.010238,-0.0036026,1
0.0003132,-0.020733,1
0.025072,-0.037197,1
0.0065855,-0.011085,1
0.023959,-0.0016117,1
-0.0091962,-0.022882,1
-0.015233,-0.028389,1
0.0043583,-0.027883,1
0.0105,-0.030575,1
0.0058817,-0.013228,1
0.00455,-0.021773,1
0.0056466,-0.0048733,1
0.0092921,-0.026207,1
0.0086169,-0.013387,1
0.0054307,-0.016841,1
0.00024582,-0.031201,1
0.010244,-0.026036,1
0.012698,-0.029775,1
0.014829,-0.0086613,1
0.0093221,-0.0335,1
0.013936,-0.016754,1
0.02061,-0.02395,1
0.015591,-0.017742,1
0.0019172,-0.026019,1
0.030567,-0.0093087,1
-0.0071888,-0.020639,1
-0.0080853,-0.0043839,1
0.0079286,-0.0081121,1
-0.01121,-0.0052849,1
-0.00042362,-0.0061054,1
0.0091446,-0.015927,1
-0.0082815,-0.013553,1
0.0058645,-0.024183,1
0.01463,-0.024734,1
0.0072942,-0.036764,1
-0.011363,-0.020338,1
-0.012823,-0.015287,1
-0.0061979,-0.012429,1
-0.0057159,-0.010334,1
-0.0053574,-0.028254,1
0.0067026,-0.0091487,1
-0.016307,-0.017141,1
-0.0059004,-0.021037,1
-0.010236,0.0056611,1
0.0046839,-0.018795,1
-0.0044334,-0.028777,1
-0.0072639,-0.0072041,1
-0.011678,-0.029072,1
0.015069,-0.0068833,1
0.014864,-0.014317,1
0.0040562,-0.029126,1
0.0043647,-0.012473,1
-0.022207,-0.020103,1
0.011686,0.0058437,1
-0.013341,-0.019865,1
0.0026404,-0.026567,1
-0.028312,-0.023818,1
-0.0056577,-0.018921,1
-0.006401,-0.014511,1
-0.0058094,-0.016561,1
-0.0062805,-0.018858,1
0.0012167,-0.0303,1
0.0056695,-0.0181,1
0.0013646,-0.027853,1
-0.014953,-0.026809,1
-0.012009,-0.010492,1
0.0049028,-0.020091,1
-0.012406,-0.007763,1
0.0018932,-0.0085974,1
0.0078877,-0.022675,1
0.0015328,-0.014905,1
0.0032641,-0.011352,1
-0.0058526,-0.018531,1
-0.0070135,-0.0022767,1
-0.0065563,-0.01405,1
0.0080138,-0.0086115,1
-0.0046447,-0.023799,1
0.0024775,-0.011896,1
0.0073498,-0.0076358,1
-0.010286,-0.0082465,1
-0.012782,-0.016742,1
-0.012591,-0.014896,1
0.001108,-0.017782,1
-0.0006456,-0.014096,1
0.01076,-0.0064147,1
0.0015371,-0.0031468,1
-0.0071524,-0.030479,1
-0.010729,-0.022215,1
0.0032894,-0.023534,1
0.0035993,-0.019527,1
0.0088611,0.0081876,1
-0.0095503,-0.01525,1
-0.010531,-0.0097513,1
0.0050553,-0.021669,1
-0.010887,0.011607,1
-0.0038843,-0.015148,1
-0.0023816,-0.016992,1
0.01198,-0.035059,1
-0.021678,-0.0047323,1
-0.0022608,-0.015735,1
0.0075205,-0.0094023,1
-0.016141,-0.030905,1
0.0058373,-0.028351,1
-0.0046229,-0.034178,1
-0.023333,-0.020582,1
0.0015673,-0.023562,1
-0.0011025,-0.030941,1
0.00097561,-0.024914,1
-0.021004,-0.028452,1
0.0040648,-0.0058506,1
0.01456,-0.001433,1
0.019014,-0.019425,1
-0.0066672,-0.021916,1
0.0069231,-0.019355,1
-0.0081928,-0.0021297,1
0.012915,-0.025536,1
0.010285,-0.0068251,1
0.0021263,-0.0091616,1
0.021598,-0.020097,1
-0.0096446,-0.0044134,1
-0.0092554,-0.015892,1
-0.015784,-0.009966,1
0.014214,-0.0018676,1
-0.0084078,-0.028611,1
-0.00083391,-0.020078,1
-0.0018026,-0.024946,1
0.014266,-0.01651,1
-0.00041197,-0.021592,1
0.0026694,-0.003647,1
0.0013587,-0.014228,1
-0.00088985,-0.026069,1
-0.0031605,0.0034958,1
0.00059974,-0.018983,1
0.0033786,-0.0113,1
0.011958,-0.021017,1
0.017678,-0.013835,1
0.002084,-0.017781,1
0.011035,-0.0094743,1
0.027773,-0.014054,1
-0.015529,-0.0022176,1
-0.0035128,-0.019862,1
0.00056444,-0.014412,1
-0.005828,-0.01475,1
0.02214,-0.010291,1
-0.016606,-0.023632,1
0.0060111,-0.032567,1
0.0031336,-0.010556,1
-0.0081562,-0.013359,1
0.0038874,-0.017266,1
0.0040602,-0.026142,1
-0.0083021,-0.046877,1
0.016667,0.00051485,1
0.014706,-0.019026,1
-0.0050164,-0.010389,1
-0.014958,-0.0088439,1
0.0074135,-0.020027,1
-0.0051143,-0.021075,1
0.0013548,-0.012572,1
0.0056584,-0.018413,1
0.016339,-0.021575,1
0.0089404,-0.01119,1
0.0035779,-0.015139,1
0.0032557,-0.010905,1
0.011196,-0.012048,1
0.0044869,-0.0064043,1
0.0043216,-0.0075521,1
0.0026041,-0.0050086,1
-0.010495,-0.022915,1
0.0038082,-0.028957,1
-0.019314,-0.0092842,1
-0.014898,-0.024162,1
0.00055822,-0.015587,1
-0.007795,-0.021698,1
-0.01418,-0.0094123,1
0.023261,-0.00071324,1
0.0030343,-0.025353,1
0.026051,-0.011121,1
0.016132,-0.01371,1
0.00077111,-0.023718,1
0.006607,-0.024925,1
0.0090276,-0.011643,1
0.0091527,-0.034809,1
-0.0043537,-0.033083,1
-0.0098521,-0.005553,1
0.00031949,-0.017926,1
-0.0048997,-0.0020776,1
0.0023205,-0.015139,1
0.011981,-0.0041889,1
-0.0072931,-0.021265,1
0.023785,-0.0061541,1
0.0074208,-0.016552,1
-0.011771,-0.029386,1
-0.0039895,-0.011768,1
-0.0013656,0.0018982,1
0.0071582,-0.022371,1
0.0095238,-0.023798,1
0.01192,-0.0091884,1
0.0087499,-0.022544,1
0.002731,-0.029705,1
0.012712,-0.025792,1
0.028955,-0.015914,1
0.0016908,-0.025196,1
0.0037561,-0.022155,1
0.020945,-0.015546,1
0.0087464,-0.0077052,1
-0.016431,-0.014186,1
-0.016111,-0.0092219,1
-0.0057681,-0.027972,1
-0.005104,-0.020105,1
-0.008062,-0.031202,1
-0.0077135,-0.023052,1
0.0029165,-0.019838,1
-0.0043572,-0.014565,1
-0.0092839,-0.010379,1
-0.017776,-0.032066,1
0.0033106,-0.027519,1
0.0017955,-0.01438,1
0.0025692,-0.0010147,1
0.0055979,0.0010843,1
0.0039754,-0.010275,1
0.0011,-0.021193,1
0.0048281,-0.034705,1
-0.010495,-0.016733,1
-0.0080641,-0.01498,1
0.0072782,-0.023702,1
-0.00094499,-0.02231,1
0.0034104,-0.01298,1
-0.0042321,-0.001583,1
0.0093342,-0.0088701,1
0.010763,0.002822,1
-0.00056374,-0.026195,1
-0.0039272,-0.015611,1
0.0081393,-0.0089046,1
0.0054405,-0.010638,1
0.00095625,-0.024168,1
-0.012832,0.006815,1
-0.0085797,-0.022029,1
0.0076349,-0.0057687,1
-0.0049146,-0.020193,1
-0.017712,-0.017743,1
-0.0065684,-0.005511,1
-0.011108,-0.0060404,1
0.0017359,-0.01583,1
0.0030261,-0.0087885,1
0.004788,-0.017857,1
0.0084432,-0.0026449,1
0.0060873,-0.033621,1
-0.0073609,-0.011123,1
-0.0029093,-0.037803,1
0.00022094,-0.015961,1
0.011304,-0.01095,1
0.01018,-0.016241,1
0.0025425,-0.011245,1
-0.00047649,-0.01659,1
-0.01127,-0.0030179,1
0.0054908,-0.011024,1
-0.0094453,-4.3424e-05,1
-0.001166,-0.018176,1
-0.010796,-0.014478,1
0.0055702,-0.0055553,1
0.0027371,-0.015361,1
-0.0077798,-0.014144,1
-0.0074372,-0.011525,1
-0.016323,-0.019257,1
-0.0081445,-0.026147,1
0.0055574,-0.021949,1
0.0042918,-0.033837,1
-0.0026384,-0.017771,1
0.0055785,-0.014836,1
-0.0093195,-0.029389,1
-0.013986,-0.013509,1
-0.0026061,-0.0080753,1
-0.0062997,-0.023845,1
0.0067299,-0.03255,1
-0.018898,-0.030603,1
0.0087161,-0.0044156,1
-0.0033229,-0.0079623,1
0.005296,-0.0049231,1
0.013032,-0.0087608,1
-0.026116,-0.028109,1
-0.014685,-0.018147,1
-0.014871,-0.012872,1
-0.01482,-0.021886,1
0.0062599,-0.0046264,1
-0.0024166,-0.0053957,1
0.022099,-0.0021559,1
-0.0097197,-0.018053,1
-0.0087076,-0.011519,1
-0.00909,-0.0086317,1
0.0035971,-0.0099159,1
0.012432,-0.018951,1
0.0043209,-0.013203,1
-0.0058894,-0.00016859,1
0.003329,-0.023739,1
-0.0064124,0.0010634,1
-0.0060244,-0.010444,1
0.014952,-0.029368,1
-0.027944,-0.024416,1
-0.0050482,-0.0070501,1
-0.0019454,-0.008224,1
0.02757,-0.014373,1
0.002807,-0.0070098,1
-0.010977,-0.019261,1
-0.0058297,-0.024622,1
0.0013592,-0.018856,1
0.024565,-0.012233,1
-0.0031784,-0.0025992,1
5.4356e-05,-0.014014,1
0.036832,-0.013937,1
0.017723,0.0052214,1
-0.0016856,-0.011734,1
-0.0013634,-0.01938,1
-0.0075228,-0.0087806,1
-0.00027777,-0.027637,1
0.0084711,-0.0024956,1
0.005706,-0.028478,1
-0.0071764,-0.010111,1
0.007115,-0.0079708,1
0.0045532,0.0055575,1
0.010446,-0.010674,1
-0.0030465,-0.0024543,1
-0.015128,-0.023873,1
0.0095377,-0.013917,1
0.015229,-0.012223,1
-0.012652,-0.0052671,1
0.010346,-0.010149,1
0.0064246,-0.0021851,1
0.0037098,-0.012208,1
0.014905,-0.013965,1
0.033042,-0.011006,1
0.018487,-0.024628,1
0.0063797,-0.0084847,1
0.0086991,-0.010721,1
0.0014236,-0.037715,1
0.025208,0.0043203,1
0.012736,-0.031082,1
0.015102,-0.021871,1
-0.014266,-0.012263,1
0.007407,-0.010604,1
-0.0034786,-0.025183,1
0.029954,-0.015155,1
0.0015917,-0.023689,1
0.0098017,-0.0056686,1
-0.00010397,-0.0014656,1
-0.0034167,-0.014249,1
0.0045761,-0.014722,1
0.0017493,-0.0066007,1
-0.0067599,-0.017141,1
0.010306,-0.0080982,1
0.0071895,-0.015684,1
-0.001274,-0.018773,1
0.0022805,-0.014371,1
-0.010706,-0.0050825,1
0.0031637,-0.0090437,1
0.026232,-0.0021738,1
0.0087852,-0.0096627,1
0.012768,-0.034305,1
-0.0094692,-0.020729,1
0.00099843,-0.024326,1
-0.0057925,-0.039192,1
-0.0094726,-0.015319,1
-0.0094989,-0.016128,1
-0.011875,-0.024098,1
-0.018517,-0.014911,1
-0.012482,-0.019354,1
-0.0050352,0.0019389,1
0.012243,-0.004887,1
-0.028765,-0.017647,1
0.0053653,-0.02778,1
0.0056792,-0.022673,1
-0.015442,-0.011666,1
-0.0013009,-0.0092241,1
0.011362,-0.023697,1
-0.0090756,0.0058039,1
0.0031727,-0.01844,1
0.0097931,-0.024913,1
-0.0048217,-0.024383,1
-0.0024634,-4.2921e-05,1
-0.011977,-0.00062664,1
-0.015156,-0.021293,1
0.0087032,-0.016373,1
-0.0061222,-0.024698,1
0.011787,-0.023741,1
0.0025541,-0.014448,1
-0.0035077,-0.027846,1
0.012715,-0.0059789,1
-0.024992,-0.022956,1
-0.010774,-0.0061334,1
0.012221,-0.010547,1
-0.019421,-0.019937,1
0.0020365,-0.018906,1
0.016686,-0.024608,1
0.016005,-0.0099673,1
0.01588,-0.028322,1
0.0040165,-0.01496,1
-0.002029,-0.027252,1
0.0027534,0.00034248,1
0.0043412,-0.0012073,1
0.0036766,-0.033574,1
-0.0083866,-0.010916,1
0.00032829,-0.019835,1
-0.013739,-0.0094421,1
0.0057042,-0.010339,1
0.017197,-0.0093133,1
-0.012712,0.0062128,1
-0.0022524,-0.03628,1
0.018218,-0.020755,1
-0.028671,-0.021945,1
-0.01112,-0.011807,1
0.0043438,-0.023809,1
0.0063212,-0.0080764,1
-0.001394,-0.021126,1
-0.0036237,-0.020273,1
-0.0015809,0.012414,1
-0.014223,-0.0091423,1
0.016045,-0.016828,1
-0.0012843,-0.021651,1
0.0077743,-0.027063,1
-0.0069076,-0.02291,1
0.0031665,-0.016841,1
-0.011334,-0.00056492,1
-0.00091457,-0.030221,1
-0.0095253,-0.019018,1
-0.0026968,-0.017566,1
0.0066031,-0.018599,1
0.0073123,-0.0047829,1
0.0010401,-0.019287,1
0.018209,-0.0039909,1
0.0070781,-0.0067419,1
0.013774,-0.013325,1
-0.018704,-0.022218,1
0.01081,0.00035329,1
-0.022212,-0.0039471,1
0.0028987,0.0077778,1
0.00033859,0.00029654,1
-0.016723,-0.0098401,1
-0.00016349,-0.015413,1
-0.0091711,-0.023189,1
0.0086652,-0.023009,1
0.0153,-0.015638,1
-0.012664,-0.02996,1
-0.014944,-0.017299,1
0.02153,-0.020238,1
0.015885,-0.014758,1
0.021761,-0.028954,1
0.0052585,-0.020107,1
0.0010648,-0.018125,1
-0.0091553,-0.021562,1
0.0010025,0.0032147,1
-0.0091806,-0.035635,1
0.019295,-0.0062567,1
0.016024,-0.025837,1
-0.013606,-0.00072419,1
0.0050624,-0.022171,1
-0.012779,-0.012447,1
-0.014642,-0.016333,1
0.010438,0.0029482,1
0.0021091,-0.028113,1
0.017073,-0.032099,1
-0.0054295,-0.019141,1
0.0095009,-0.010269,1
0.003763,-0.015765,1
0.011782,-0.016415,1
0.0055097,-0.011493,1
0.022056,-0.017079,1
0.010132,-0.024496,1
0.0032067,-0.00077678,1
0.021228,-0.014745,1
0.0023508,-0.0038239,1
-0.0049157,0.00090156,1
-0.0011803,-0.011903,1
-0.00063164,-0.013234,1
0.0095194,-0.017713,1
0.015668,-0.022285,1
0.013792,-0.0054915,1
0.0032203,-0.012198,1
0.013368,-0.020602,1
0.012525,-0.014223,1
-0.006481,-0.020006,1
0.012734,0.0078271,1
0.00028224,-0.027069,1
0.0033533,-0.025135,1
0.0093834,0.006349,1
0.0094537,-0.014058,1
-0.012615,-0.029221,1
-0.004297,-0.015689,1
-0.013854,-0.024137,1
0.009879,-0.0096853,1
0.0015717,-0.020267,1
-0.017233,-0.0087617,1
0.0078467,-0.0036741,1
0.0033742,-0.018542,1
-0.000332,-0.019882,1
0.019178,-0.0004298,1
0.0090821,0.0038705,1
0.0014865,-0.0075202,1
0.0069099,-0.017508,1
-0.0044945,-0.015205,1
0.014093,-0.0038268,1
-0.026302,-0.012015,1
-0.021761,-0.016685,1
-0.012099,-0.0058359,1
-0.013903,-0.026215,1
-0.017254,-0.0095037,1
-0.0079808,-0.0021815,1
-0.009259,-0.014315,1
-0.012032,-0.014436,1
-0.024472,-0.01714,1
-0.010253,-0.016405,1
-0.011389,-0.0051923,1
-0.004708,-0.018067,1
-1.4943e-05,-0.018318,1
-0.0030289,-0.013052,1
-0.011174,-0.016635,1
-0.017372,0.0086851,1
-0.0006698,0.0012412,1
-0.0047815,-0.0042473,1
-0.0082377,-0.0024612,1
0.014108,-0.0035339,1
-0.0081224,-0.01794,1
0.0018462,-0.021808,1
0.0063794,-0.0054105,1
-0.0014286,-0.017763,1
0.0045193,-0.018109,1
0.0061925,-0.025804,1
0.0070129,-0.01015,1
-6.2566e-05,-0.00071629,1
0.0042781,-0.0091216,1
-0.013977,-0.011585,1
0.0057934,-0.01364,1
0.013326,-0.02018,1
-0.0019284,-0.027611,1
0.014085,-0.019305,1
5.6225e-05,-0.0010393,1
-0.011016,-0.015412,1
0.0022886,-0.033115,1
-0.012265,-0.0069937,1
-0.0054625,-0.015997,1
0.0048331,-0.01405,1
0.0060074,-0.013162,1
-0.0068168,-0.0091612,1
-0.0022181,0.0025639,1
0.0087767,-0.0045641,1
0.0052453,-0.0097943,1
-0.0007377,-0.016891,1
0.015977,-0.015492,1
-0.00094609,-0.014656,1
-0.011313,-0.010762,1
0.0032073,-0.0031996,1
0.0022049,-0.00095459,1
-0.0036925,-0.0092021,1
-0.0069074,0.0033617,1
-0.01669,-0.0053705,1
-0.0045677,-0.027111,1
0.0099572,-0.013685,1
-0.015053,-0.0084922,1
0.016196,-0.026546,1
-0.0060377,-0.01511,1
-0.0021118,-0.0041027,1
-0.0051199,-0.032805,1
-0.020401,0.0044005,1
-0.0054524,-0.03931,1
0.00604,-0.017793,1
0.0048884,-0.02066,1
-0.010134,-0.020711,1
-0.0060268,0.0019848,1
0.0066039,-0.022662,1
-0.0049247,-0.0086592,1
0.0019019,-0.010892,1
0.01836,-0.029248,1
0.0046266,-0.0025018,1
-0.0042138,-0.013175,1
0.0036899,-0.011,1
-0.0095525,0.0019676,1
0.0048238,-0.022769,1
0.013605,0.0039766,1
-0.0073029,-0.0035242,1
0.0015008,-0.010662,1
0.0026472,-0.023455,1
0.0041242,-0.0024275,1
0.0065932,-0.0026117,1
-0.0050314,-0.0035621,1
-0.010096,-0.025027,1
0.0011271,-0.020145,1
0.0039277,-0.0059057,1
0.00047656,-0.0060203,1
-0.004972,-0.014671,1
0.016913,-0.0051439,1
0.015551,0.0019852,1
0.01501,0.0080082,1
0.012834,0.0023504,1
0.0090216,-0.0074826,1
0.0061651,-0.016205,1
0.023718,-0.0086696,1
0.0042046,-0.011434,1
0.01497,-0.00052205,1
0.016984,-0.014921,1
-0.0003693,-0.01106,1
0.0056826,-0.0042305,1
-0.010039,-0.012961,1
-0.0080459,-0.013772,1
0.0032072,-0.0064391,1
0.010118,-0.042276,1
0.0097996,-0.018352,1
-0.0024498,-0.022156,1
0.019174,-0.007559,1
0.014509,-0.016551,1
0.0064967,-0.018028,1
0.014764,-0.013636,1
-0.020637,-0.0071147,1
0.0072327,-0.028329,1
0.0040758,-0.013027,1
-0.015776,-0.012453,1
0.026395,-0.022718,1
0.0015796,-0.012268,1
-0.013039,-0.014949,1
0.0054739,-0.0039851,1
0.0031039,-0.0054622,1
0.0047084,-0.0072477,1
0.0045246,-0.019849,1
0.020292,-0.010897,1
0.0085402,-0.0022427,1
0.0043255,-0.008456,1
-0.008638,-0.012928,1
-0.008244,-0.010107,1
0.0002274,-0.013124,1
-0.013973,0.00072596,1
-0.00056584,-0.029978,1
-0.0030641,-0.00085848,1
0.0026107,-0.018344,1
-0.0091489,-0.013791,1
0.0075217,-0.01245,1
0.0018856,-0.0075833,1
-0.022029,-0.010994,1
-0.011361,-0.009506,1
0.011975,-0.0023414,1
-0.0041519,-0.036384,1
-0.010665,-0.012931,1
-0.005682,-0.004181,1
0.011219,-0.018924,1
-0.014019,-0.013843,1
-0.0069934,-0.015125,1
-0.012335,-0.013526,1
0.021725,-0.0095273,1
-0.00087733,-0.012954,1
0.01025,-0.0040316,1
-0.013926,0.00027786,1
-0.010903,-0.031774,1
0.0022358,-0.016435,1
-0.0082236,-0.0059297,1
-0.0055987,-0.012821,1
-0.0062023,0.0053857,1
-0.00013169,-0.019854,1
0.0022792,-0.018921,1
0.019463,-0.012648,1
-0.016093,-0.021145,1
-0.015726,-0.0042513,1
-0.013251,-0.011971,1
-0.012956,-0.005124,1
-0.025285,-0.0091824,1
0.017469,0.010862,1
0.0020581,-0.031763,1
-0.011098,-0.016823,1
-0.0098789,-0.0033311,1
0.0023322,-0.019175,1
0.010286,-0.0055996,1
-0.00029226,-0.018744,1
-0.01298,-0.011044,1
0.015095,-0.024141,1
-0.0079742,-0.020669,1
0.019727,-0.021302,1
-0.013043,0.00041771,1
-0.012801,-0.013784,1
0.014523,-0.0023775,1
0.0029131,-0.00632,1
-0.0085243,-0.022256,1
-0.016981,0.01745,1
0.0040942,-0.0037467,1
-0.0054005,-0.0089951,1
-0.0051037,-0.0055745,1
-0.009858,-0.0081377,1
0.020313,-0.013864,1
-0.0021568,-0.0024121,1
0.03202,-0.00055212,1
0.015172,0.0019597,1
0.019318,-0.020576,1
-0.0017544,-0.024368,1
-0.002378,-0.0043308,1
0.0063845,-0.02856,1
0.0013695,-0.016232,1
0.019274,-0.011254,1
0.0081499,-0.01638,1
0.0049936,-0.0098587,1
0.030531,0.013593,1
-0.015087,-0.0017494,1
-0.0092243,-0.025618,1
-0.0095093,0.003486,1
0.0029766,-0.0097248,1
0.013133,-0.0063664,1
0.00050289,0.011443,1
-0.012602,0.0075906,1
0.0014327,-0.013737,1
-0.0028695,0.010182,1
0.0085073,-0.020645,1
0.0067663,-0.002274,1
0.003772,-0.0056956,1
0.0057774,-0.0030879,1
0.023535,-0.0040695,1
0.01316,-0.005752,1
0.021352,-0.017396,1
0.010432,0.013685,1
0.0077319,-0.015628,1
-0.00090279,0.0066131,1
0.0031776,0.011546,1
0.012652,-0.015147,1
0.014105,-0.0033828,1
-0.00095164,-0.011039,1
-0.0032739,-0.001261,1
0.013002,-0.01894,1
0.016777,-0.010559,1
0.0067621,0.0024937,1
0.0016504,-0.014819,1
0.022502,-0.02184,1
0.016622,-0.028675,1
-0.0057114,0.019982,1
-0.0048945,-0.020829,1
0.0034607,0.00030323,1
0.010786,-0.015341,1
-0.0011203,-0.010975,1
0.023187,-0.011692,1
0.0080328,-0.035598,1
-0.0065628,-0.011519,1
-0.0017089,-0.0048686,1
-0.016584,-0.018394,1
-0.019856,-0.0091886,1
-0.015972,-0.0021113,1
-0.021222,-0.012843,1
-0.0076508,-0.010449,1
0.0058669,0.01299,1
-0.0049651,-0.015402,1
-0.0019422,-0.023924,1
-0.0089099,-0.010429,1
-0.0014018,0.0079037,1
0.012855,0.010396,1
-0.026938,-0.0027958,1
-0.0018671,-0.0085425,1
-0.0073048,-0.0064928,1
-0.0093406,-0.01078,1
-0.0019019,0.00010008,1
-0.0064185,-0.02387,1
-0.014544,-0.00333,1
-0.0022119,-0.010894,1
0.0013872,-0.017685,1
0.0044781,-0.0071351,1
0.00033593,0.0041354,1
0.0017006,0.0042644,1
-0.011728,-0.0026985,1
-0.015229,-0.0022095,1
-0.00050272,-0.028385,1
0.0072192,0.0040503,1
-0.0059223,-0.0076091,1
-0.0050796,-0.010376,1
-0.00066169,-0.022484,1
0.0050228,-0.015521,1
-0.0027399,-0.026294,1
-0.00094091,-0.015438,1
0.013985,-0.018884,1
0.010074,-0.020963,1
0.004812,-0.031633,1
0.0056885,0.002408,1
-0.01555,-0.022638,1
0.00062288,-0.0066281,1
0.0033098,-0.010817,1
0.0065059,-0.014385,1
-0.0023882,0.012895,1
0.001508,-0.018245,1
0.0018591,-0.02079,1
-0.0051048,-0.0064755,1
-0.0055684,0.0033708,1
-0.0021728,-0.015466,1
-0.014366,-0.018607,1
-0.0089153,-0.0068523,1
0.0070999,-0.0041989,1
-0.017987,0.0066681,1
0.013216,0.0056379,1
-0.0070574,-0.036038,1
-0.0050053,-0.0032318,1
0.0038741,-0.032888,1
-0.00074004,-0.010524,1
0.0080029,-0.00545,1
0.024669,-0.013542,1
0.0034097,4.4331e-05,1
-0.0014252,-0.0020518,1
0.025886,-0.02002,1
0.025287,-0.00081402,1
0.0050543,-0.027279,1
-0.010876,-0.0022222,1
-0.012447,-9.6184e-05,1
0.016013,0.014965,1
-0.020225,0.010032,1
0.019289,-0.017669,1
0.0032814,-0.011792,1
0.0063346,-0.013645,1
-0.013673,-0.0088066,1
0.0083042,-0.010664,1
0.0017354,0.010713,1
0.0058408,-0.0071132,1
0.003181,-0.0054028,1
-0.0030616,-0.02239,1
0.0018613,-0.016675,1
-0.00097905,-0.0023142,1
0.020863,-0.0055966,1
0.004618,-0.0089456,1
0.0042069,0.0044625,1
-0.0071543,-0.0095058,1
-0.0020315,-0.025979,1
0.019518,-0.019333,1
0.017814,-0.0017069,1
0.0019298,-0.015746,1
0.013201,-0.026308,1
0.0015703,0.001864,1
0.023653,-0.020173,1
0.015633,-0.016864,1
0.014626,0.002166,1
0.019052,0.00085905,1
0.013838,-0.015333,1
-0.0029931,-0.005119,1
0.012118,0.0068145,1
0.0084249,-0.0075743,1
-0.0078027,-0.019549,1
0.012258,-0.0011792,1
0.0055586,-0.020367,1
0.016062,0.0072047,1
-0.019282,-0.0095826,1
0.01063,-0.019625,1
-0.021895,-0.0037913,1
-0.023656,-0.024737,1
-0.012535,-0.0083451,1
-0.014235,-0.010703,1
-0.0072338,-0.011498,1
-0.014918,-0.012792,1
-0.010953,-0.013494,1
-0.0142,-0.012557,1
-0.0007234,-0.0061108,1
-0.00040618,-0.00099315,1
-0.016885,0.0041819,1
-0.014219,0.006768,1
-0.0025434,-0.006167,1
0.018457,-0.019556,1
-0.012816,-0.025789,1
0.0097692,-0.0096755,1
-0.0055896,-0.016828,1
0.00027388,-0.0035825,1
0.0046789,-0.006821,1
-0.014234,-0.0052399,1
0.020811,-0.032973,1
-0.017197,-0.010325,1
0.0019222,-0.013926,1
0.00062657,-0.020868,1
-0.00016186,0.0071127,1
-0.011672,-0.0033642,1
-0.0038504,-0.01386,1
0.02249,-0.0070448,1
-0.0027072,-0.012149,1
-0.00038758,-0.020082,1
0.015661,-0.0048492,1
0.0071525,0.0017924,1
-0.0047332,0.0025862,1
0.020491,0.0016222,1
0.0023506,-0.0078895,1
-0.013988,-0.0057082,1
-0.0028328,-0.0033601,1
0.0024095,-0.0087988,1
-0.0074069,-0.0084045,1
-0.018861,-0.0087139,1
0.0055422,-0.011821,1
0.011027,-0.021223,1
-0.0012455,0.0038763,1
0.0021452,-0.0083816,1
0.01297,-0.017508,1
0.00074994,-0.034525,1
-0.005848,-0.0048599,1
-0.0041764,-0.01279,1
-0.0017239,-0.014805,1
0.00059486,-0.0017647,1
0.0045625,-0.014908,1
0.010992,-0.0037168,1
0.013679,-0.01708,1
0.02208,-0.015193,1
0.0032208,-0.017738,1
0.0027399,0.0070212,1
-0.016581,-0.023722,1
-0.01202,-0.0064421,1
0.019377,-0.011367,1
0.0025713,-0.0073157,1
-0.0029094,-0.03591,1
0.012506,-0.0024215,1
0.0026059,-0.0072598,1
-0.0041814,-0.011283,1
-0.0016889,-0.012361,1
-0.017766,-0.0035995,1
0.0057799,-0.021512,1
-0.01396,-0.0090154,1
0.00016199,-0.014681,1
-0.00052117,0.0052424,1
0.015448,-0.0056135,1
-0.0017263,0.010301,1
0.00074415,-0.011349,1
-0.0037144,-0.014457,1
0.012007,-0.0071956,1
-0.0099753,-0.014496,1
0.0046476,-0.0012053,1
0.0069944,0.0031521,1
-0.021944,-0.0029566,1
-0.011871,-0.01446,1
-0.014499,0.0092949,1
-0.0041537,-0.016073,1
-0.022755,-0.01905,1
-0.0042437,0.0078866,1
6.3463e-05,-0.0071129,1
-0.0041369,-0.024481,1
0.0048826,0.0059258,1
0.0093374,-0.016078,1
-0.00099874,-0.01215,1
0.021494,-0.0018769,1
-0.015339,0.0055415,1
0.0074538,-0.0069935,1
0.009359,-0.0078791,1
-0.013154,-0.016416,1
-0.0087117,0.0086548,1
-0.018695,0.0052109,1
-0.0071271,-0.0086729,1
0.0039911,-0.013994,1
0.0020077,-0.0011577,1
0.015511,-0.01622,1
0.010603,0.016136,1
0.0050845,-0.0048,1
-0.0031705,-0.0059413,1
-0.017465,-0.0049765,1
0.0026253,-0.011093,1
-0.019932,-0.015604,1
-0.018072,-0.0029654,1
0.0020656,-0.011279,1
-0.0077161,0.0078123,1
0.0052552,0.0008699,1
0.00067013,-0.0072219,1
-0.0053186,-0.026741,1
-0.00033953,0.0052076,1
-0.0084621,0.0064629,1
-0.016985,-0.007347,1
-0.0013808,-0.0078599,1
0.0048704,-0.011948,1
-0.012499,0.0011273,1
0.00041142,-0.028696,1
-0.0096974,0.00088199,1
0.0036206,-0.0027654,1
0.0019909,-0.011118,1
-0.0026506,-0.010634,1
-0.0043906,-0.006574,1
-0.0097282,-0.023922,1
-0.009775,-0.0077812,1
-0.0093818,-0.021248,1
-0.0027869,-0.0020399,1
-0.018091,-0.0094289,1
0.0012321,-0.0015802,1
0.010309,0.0027633,1
2.4925e-05,-0.016143,1
0.0099117,-0.0085982,1
-0.0024776,0.008991,1
0.00031144,0.006962,1
-0.003214,0.010735,1
0.014632,-0.026414,1
-0.005349,-0.010983,1
0.012454,-0.013455,1
0.0092351,-0.017248,1
0.0040125,-0.0055615,1
0.0152,-0.00057164,1
0.011275,-0.0042904,1
0.027277,0.003091,1
0.011626,0.010326,1
0.012345,-0.028513,1
0.015376,-0.00057554,1
-0.0021814,-0.017738,1
-0.01357,-0.026105,1
-0.0032824,-0.0038864,1
-0.0032654,-0.016815,1
0.0076323,-0.0037782,1
-0.013802,0.0010216,1
-0.0015827,-0.0085534,1
-0.0048309,0.0077221,1
0.013241,-0.0014139,1
-0.0061647,-0.011396,1
-0.0011652,0.0018517,1
0.0095814,-0.018884,1
-0.014461,-0.01035,1
-0.021645,-0.029529,1
-0.00018141,0.0051873,1
0.020335,-0.0090088,1
0.0081088,-0.0092384,1
-0.0044962,-0.0087004,1
0.0035718,-0.0056401,1
-0.0017327,-0.027062,1
0.011511,-0.028387,1
0.011155,-0.014538,1
-0.0088906,-0.00012499,1
-0.0040111,-0.01362,1
0.022034,-0.0040407,1
0.0075983,-0.0030569,1
0.0061048,-0.0064079,1
0.00951,-0.0082844,1
-0.00063229,0.0053384,1
0.0051806,-0.010982,1
0.00057801,0.01275,1
-0.018029,-0.027682,1
0.010338,-0.010006,1
-0.0052331,-0.0063661,1
-0.0079074,-0.0017656,1
-0.00087822,-0.019771,1
-0.0061266,-0.017666,1
-0.006673,0.010139,1
0.028514,-0.0083088,1
-0.0078357,-0.0082552,1
0.00085984,-0.0032034,1
-0.0053016,0.0067185,1
0.011005,-0.020713,1
-0.0010345,-0.0020423,1
-0.0038505,-0.01055,1
-0.016302,-0.0018256,1
0.0026808,0.024108,1
0.002202,-0.0088879,1
-0.0020696,-0.011452,1
0.0019348,-0.017657,1
-0.010013,0.0085045,1
-0.0018282,0.0082252,1
0.012701,0.0030953,1
0.010984,-0.0046923,1
0.012106,-0.012391,1
-0.0032036,-0.0067737,1
0.014074,-0.01217,1
-0.001393,-0.0013758,1
0.025656,-0.018696,1
-0.018038,0.010729,1
-0.017471,-0.019785,1
-0.0019458,-0.0036283,1
-0.0098751,-0.017311,1
0.025216,-0.007079,1
-0.014089,-0.0044069,1
-0.023392,-0.0026879,1
0.0047594,-0.011396,1
-0.014719,-0.01291,1
-0.013639,-0.015744,1
0.013829,-0.0184,1
-0.00034383,0.0016238,1
-0.010941,-0.020246,1
0.0016788,-0.0063064,1
0.0032782,-0.0078336,1
-0.00024081,0.0040681,1
-0.012736,-0.010803,1
0.011636,0.0024021,1
-0.0061282,-0.012861,1
-0.001172,0.0045365,1
0.0023751,-0.012917,1
0.011341,0.0081596,1
-0.00021414,0.0035251,1
0.0093523,-0.00037234,1
0.010731,-0.0096489,1
-0.0059992,-0.0014926,1
0.0022816,-0.0014609,1
0.014568,0.0018122,1
0.012548,0.0031913,1
0.020722,0.011532,1
0.0093444,0.003922,1
-0.012902,0.011427,1
0.0024587,-0.0035521,1
0.016503,-0.014968,1
-0.011358,-0.0043285,1
-0.0021972,-0.0025114,1
0.013614,-0.012738,1
0.0051639,-0.011464,1
-0.0021136,0.0037727,1
-0.0030174,-0.002737,1
0.0085184,0.00052462,1
0.013466,-0.0034567,1
0.029258,-0.010997,1
-0.0065721,-0.013218,1
-0.005002,-0.0058084,1
-0.007805,-0.027381,1
0.015554,-0.0037187,1
0.0089942,0.0042431,1
-0.00010224,-0.001244,1
0.0043608,0.015595,1
-0.010041,-0.0024311,1
-0.0030567,-0.003909,1
-0.0053677,-0.0016097,1
-0.0087205,-0.0034684,1
-0.010987,0.0017834,1
-0.013054,0.0040664,1
-0.011206,-0.0025148,1
-0.0030433,-0.0049663,1
0.013063,-0.0043857,1
-0.0086198,-0.020909,1
0.017738,0.008137,1
-0.0013858,0.0028818,1
-0.014944,-0.016042,1
0.014069,0.0021509,1
0.0046853,0.0014026,1
-0.0027518,-0.00055684,1
0.00053761,0.0074115,1
-0.0054644,-0.00075511,1
0.0019968,0.0063156,1
0.0055399,-0.016211,1
0.013218,-0.011834,1
0.0096147,0.008488,1
-0.0024201,0.017241,1
-0.007292,0.009157,1
0.0032122,-0.0066429,1
-0.020161,0.0083229,1
-0.0002491,0.00084258,1
-0.015116,-0.0033389,1
-0.0033325,-0.0026146,1
0.0012069,-0.0092845,1
-0.0063969,0.00128,1
0.01699,0.0023909,1
-0.014195,-0.0076638,1
-0.0091019,-0.015645,1
-0.002208,0.0062944,1
0.0017799,0.0014435,1
-0.0016016,0.0008607,1
-0.010552,-0.018273,1
-0.0041591,0.011792,1
0.018753,-0.0082059,1
0.01109,-0.01272,1
0.0017687,-0.0061426,1
0.013671,5.2544e-05,1
-0.0092692,-0.008182,1
-0.018013,-0.0059502,1
0.0081147,0.0128,1
-0.011765,-0.0034071,1
0.00056402,-0.012793,1
-0.017664,0.0051312,1
-0.0040348,0.0018445,1
-0.013247,0.0091399,1
-0.0090504,-0.0074479,1
0.0075119,0.016055,1
0.012826,0.0088081,1
0.012541,0.00045543,1
-0.017946,-0.0062506,1
0.009261,0.0011813,1
-0.00026149,0.0055306,1
-0.020845,0.0051958,1
-0.0098118,0.0042017,1
-0.0083081,-0.010153,1
0.0078236,0.005645,1
-0.00088383,0.006439,1
0.01543,0.0016335,1
-0.0070128,-0.0061243,1
-0.0034734,0.021186,1
0.0060246,-0.015578,1
0.0075813,0.019086,1
-0.011018,-0.002339,1
-0.0043925,-0.0047528,1
